R_values,C3
1.000000000000000062e-09,-8.972027113834366901e+03
1.099099099099099171e-09,-6.757406134059904616e+03
1.198198198198198280e-09,-5.215603773008929238e+03
1.297297297297297389e-09,-4.109339639368600729e+03
1.396396396396396498e-09,-3.295068286051601717e+03
1.495495495495495607e-09,-2.682472322237215849e+03
1.594594594594594509e-09,-2.212787526461091147e+03
1.693693693693693825e-09,-1.846655849035198344e+03
1.792792792792792727e-09,-1.557041845895269262e+03
1.891891891891892043e-09,-1.324956528854379485e+03
1.990990990990990945e-09,-1.136796408043462179e+03
2.090090090090089848e-09,-9.826425346179706821e+02
2.189189189189189163e-09,-8.551468354851288041e+02
2.288288288288288479e-09,-7.487871173091415358e+02
2.387387387387387381e-09,-6.593589292487308740e+02
2.486486486486486284e-09,-5.836228237715907881e+02
2.585585585585585599e-09,-5.190555313920032177e+02
2.684684684684684915e-09,-4.636718406828675825e+02
2.783783783783783817e-09,-4.158953603206036291e+02
2.882882882882882720e-09,-3.744635746374638074e+02
2.981981981981982035e-09,-3.383572857058235854e+02
3.081081081081081351e-09,-3.067476155936321902e+02
3.180180180180179840e-09,-2.789558012527302822e+02
3.279279279279279156e-09,-2.544224103825405336e+02
3.378378378378378471e-09,-2.326835657712907732e+02
3.477477477477477787e-09,-2.133524329707013294e+02
3.576576576576576276e-09,-1.961046959371976186e+02
3.675675675675675592e-09,-1.806670796058656379e+02
3.774774774774774907e-09,-1.668082187606784430e+02
3.873873873873874223e-09,-1.543313470979965416e+02
3.972972972972972712e-09,-1.430684082555210352e+02
4.072072072072072028e-09,-1.328752850788250726e+02
4.171171171171171343e-09,-1.236279138040283101e+02
4.270270270270269832e-09,-1.152191026970108823e+02
4.369369369369369148e-09,-1.075559146701647961e+02
4.468468468468468464e-09,-1.005575038467896434e+02
4.567567567567567779e-09,-9.415331938700127523e+01
4.666666666666666268e-09,-8.828160789851604306e+01
4.765765765765765584e-09,-8.288815973348471289e+01
4.864864864864864900e-09,-7.792525538358235337e+01
4.963963963963963388e-09,-7.335077674943883608e+01
5.063063063063062704e-09,-6.912745481744205733e+01
5.162162162162162020e-09,-6.522223063501783713e+01
5.261261261261261336e-09,-6.160571074476868603e+01
5.360360360360359824e-09,-5.825170165531165622e+01
5.459459459459459140e-09,-5.513681067438695749e+01
5.558558558558558456e-09,-5.224010264848251239e+01
5.657657657657657772e-09,-4.954280395204245480e+01
5.756756756756756260e-09,-4.702804653350635533e+01
5.855855855855855576e-09,-4.468064602174024458e+01
5.954954954954954892e-09,-4.248690887745522105e+01
6.054054054054053380e-09,-4.043446438154236944e+01
6.153153153153152696e-09,-3.851211791890433744e+01
6.252252252252252012e-09,-3.670972256865849914e+01
6.351351351351351328e-09,-3.501806647059339639e+01
6.450450450450449816e-09,-3.342877382041088197e+01
6.549549549549549132e-09,-3.193421766622817870e+01
6.648648648648648448e-09,-3.052744294709484763e+01
6.747747747747747764e-09,-2.920209843986559051e+01
6.846846846846846252e-09,-2.795237647096974953e+01
6.945945945945945568e-09,-2.677295941039955096e+01
7.045045045045044884e-09,-2.565897210149879371e+01
7.144144144144144200e-09,-2.460593949589405582e+01
7.243243243243242688e-09,-2.360974886149208274e+01
7.342342342342342004e-09,-2.266661601561192541e+01
7.441441441441441320e-09,-2.177305510730664651e+01
7.540540540540540636e-09,-2.092585153464666803e+01
7.639639639639639952e-09,-2.012203763576448878e+01
7.738738738738739267e-09,-1.935887083811508447e+01
7.837837837837838583e-09,-1.863381398979261760e+01
7.936936936936936245e-09,-1.794451763078967588e+01
8.036036036036035560e-09,-1.728880399156986414e+01
8.135135135135134876e-09,-1.666465253190763107e+01
8.234234234234234192e-09,-1.607018685518586310e+01
8.333333333333333508e-09,-1.550366285270578715e+01
8.432432432432432823e-09,-1.496345794945325558e+01
8.531531531531532139e-09,-1.444806133752300781e+01
8.630630630630631455e-09,-1.395606509631756609e+01
8.729729729729730771e-09,-1.348615610995818059e+01
8.828828828828830087e-09,-1.303710870228434437e+01
8.927927927927927748e-09,-1.260777791855735508e+01
9.027027027027027064e-09,-1.219709339067890319e+01
9.126126126126126380e-09,-1.180405372952213661e+01
9.225225225225225695e-09,-1.142772139396556597e+01
9.324324324324325011e-09,-1.106721799152052910e+01
9.423423423423424327e-09,-1.072171997013617784e+01
9.522522522522523643e-09,-1.039045466492791903e+01
9.621621621621621304e-09,-1.007269666727039592e+01
9.720720720720720620e-09,-9.767764486981215910e+00
9.819819819819819936e-09,-9.475017481245911810e+00
9.918918918918919252e-09,-9.193853026540368845e+00
1.001801801801801857e-08,-8.923703912132612714e+00
1.011711711711711788e-08,-8.664035935822814949e+00
1.021621621621621720e-08,-8.414345684438217177e+00
1.031531531531531651e-08,-8.174158483263099129e+00
1.041441441441441418e-08,-7.943026500074696017e+00
1.051351351351351349e-08,-7.720526990793832312e+00
1.061261261261261281e-08,-7.506260674960823387e+00
1.071171171171171212e-08,-7.299850230327487921e+00
1.081081081081081144e-08,-7.100938896828940194e+00
1.090990990990991076e-08,-6.909189181075028330e+00
1.100900900900901007e-08,-6.724281653291572347e+00
1.110810810810810773e-08,-6.545913829355124669e+00
1.120720720720720705e-08,-6.373799131209511692e+00
1.130630630630630636e-08,-6.207665919535666710e+00
1.140540540540540568e-08,-6.047256593073925046e+00
1.150450450450450500e-08,-5.892326749476361591e+00
1.160360360360360431e-08,-5.742644403000343623e+00
1.170270270270270363e-08,-5.597989254748237720e+00
1.180180180180180294e-08,-5.458152011515729818e+00
1.190090090090090060e-08,-5.322933749636399980e+00
1.199999999999999992e-08,-5.192145320506001305e+00
1.209909909909909924e-08,-5.065606794739332841e+00
1.219819819819819855e-08,-4.943146942158068491e+00
1.229729729729729787e-08,-4.824602745031878470e+00
1.239639639639639718e-08,-4.709818942199601288e+00
1.249549549549549650e-08,-4.598647601883884661e+00
1.259459459459459416e-08,-4.490947721183453645e+00
1.269369369369369348e-08,-4.386584850383263401e+00
1.279279279279279279e-08,-4.285430740365765878e+00
1.289189189189189211e-08,-4.187363011537436286e+00
1.299099099099099142e-08,-4.092264842804773650e+00
1.309009009009009074e-08,-4.000024679244103432e+00
1.318918918918919006e-08,-3.910535957210593327e+00
1.328828828828828937e-08,-3.823696845724763538e+00
1.338738738738738703e-08,-3.739410003060132492e+00
1.348648648648648635e-08,-3.657582347534111378e+00
1.358558558558558566e-08,-3.578124841576587389e+00
1.368468468468468498e-08,-3.500952288217072272e+00
1.378378378378378430e-08,-3.425983139192710691e+00
1.388288288288288361e-08,-3.353139313935917354e+00
1.398198198198198293e-08,-3.282346028752586076e+00
1.408108108108108059e-08,-3.213531635549976784e+00
1.418018018018017990e-08,-3.146627469517833564e+00
1.427927927927927922e-08,-3.081567705207444163e+00
1.437837837837837854e-08,-3.018289220491279234e+00
1.447747747747747785e-08,-2.956731467921099643e+00
1.457657657657657717e-08,-2.896836353034915490e+00
1.467567567567567648e-08,-2.838548119193365249e+00
1.477477477477477580e-08,-2.781813238554016632e+00
1.487387387387387346e-08,-2.726580308817994514e+00
1.497297297297297112e-08,-2.672799955407385575e+00
1.507207207207207209e-08,-2.620424738754182137e+00
1.517117117117116975e-08,-2.569409066402233766e+00
1.527027027027027072e-08,-2.519709109642904732e+00
1.536936936936936839e-08,-2.471282724423092159e+00
1.546846846846846936e-08,-2.424089376280801567e+00
1.556756756756756702e-08,-2.378090069079051627e+00
1.566666666666666468e-08,-2.333247277323214242e+00
1.576576576576576565e-08,-2.289524881860368399e+00
1.586486486486486331e-08,-2.246888108771732728e+00
1.596396396396396097e-08,-2.205303471280865235e+00
1.606306306306306194e-08,-2.164738714511264650e+00
1.616216216216215960e-08,-2.125162762937062855e+00
1.626126126126126057e-08,-2.086545670380012929e+00
1.636036036036035823e-08,-2.048858572414822721e+00
1.645945945945945920e-08,-2.012073641053085282e+00
1.655855855855855687e-08,-1.976164041583857722e+00
1.665765765765765784e-08,-1.941103891456054997e+00
1.675675675675675550e-08,-1.906868221094677907e+00
1.685585585585585316e-08,-1.873432936549110917e+00
1.695495495495495413e-08,-1.840774783877709542e+00
1.705405405405405179e-08,-1.808871315178396610e+00
1.715315315315315276e-08,-1.777700856180164601e+00
1.725225225225225042e-08,-1.747242475315279542e+00
1.735135135135135139e-08,-1.717475954196484134e+00
1.745045045045044905e-08,-1.688381759427829865e+00
1.754954954954954672e-08,-1.659941015681714926e+00
1.764864864864864769e-08,-1.632135479978525261e+00
1.774774774774774535e-08,-1.604947517108768595e+00
1.784684684684684632e-08,-1.578360076140923107e+00
1.794594594594594398e-08,-1.552356667961352965e+00
1.804504504504504495e-08,-1.526921343795541564e+00
1.814414414414414261e-08,-1.502038674662694584e+00
1.824324324324324027e-08,-1.477693731718303205e+00
1.834234234234234124e-08,-1.453872067441746685e+00
1.844144144144143890e-08,-1.430559697628277283e+00
1.854054054054053987e-08,-1.407743084146890311e+00
1.863963963963963753e-08,-1.385409118427653574e+00
1.873873873873873850e-08,-1.363545105643928279e+00
1.883783783783783617e-08,-1.342138749556785804e+00
1.893693693693693383e-08,-1.321178137990571821e+00
1.903603603603603480e-08,-1.300651728910217964e+00
1.913513513513513246e-08,-1.280548337072390908e+00
1.923423423423423343e-08,-1.260857121224006061e+00
1.933333333333333109e-08,-1.241567571822994376e+00
1.943243243243243206e-08,-1.222669499257460490e+00
1.953153153153152972e-08,-1.204153022540607409e+00
1.963063063063063069e-08,-1.186008558459899609e+00
1.972972972972972835e-08,-1.168226811160058221e+00
1.982882882882882602e-08,-1.150798762140449627e+00
1.992792792792792699e-08,-1.133715660648430656e+00
2.002702702702702465e-08,-1.116969014451096420e+00
2.012612612612612562e-08,-1.100550580968742587e+00
2.022522522522522328e-08,-1.084452358754178780e+00
2.032432432432432425e-08,-1.068666579302777198e+00
2.042342342342342191e-08,-1.053185699178899259e+00
2.052252252252251957e-08,-1.038002392445001254e+00
2.062162162162162054e-08,-1.023109543380403164e+00
2.072072072072071820e-08,-1.008500239477308824e+00
2.081981981981981917e-08,-9.941677647022517661e-01
2.091891891891891683e-08,-9.801055930117144044e-01
2.101801801801801780e-08,-9.663073821111742845e-01
2.111711711711711547e-08,-9.527669674473553396e-01
2.121621621621621313e-08,-9.394783564239167495e-01
2.131531531531531410e-08,-9.264357228312811721e-01
2.141441441441441176e-08,-9.136334014817234506e-01
2.151351351351351273e-08,-9.010658830412436870e-01
2.161261261261261039e-08,-8.887278090501522509e-01
2.171171171171171136e-08,-8.766139671246367948e-01
2.181081081081080902e-08,-8.647192863319590472e-01
2.190990990990990668e-08,-8.530388327322312447e-01
2.200900900900900765e-08,-8.415678050800620147e-01
2.210810810810810532e-08,-8.303015306796491801e-01
2.220720720720720629e-08,-8.192354613871783986e-01
2.230630630630630395e-08,-8.083651697546743176e-01
2.240540540540540492e-08,-7.976863453096877388e-01
2.250450450450450258e-08,-7.871947909654688491e-01
2.260360360360360355e-08,-7.768864195564910702e-01
2.270270270270270121e-08,-7.667572504944329959e-01
2.280180180180179887e-08,-7.568034065399148469e-01
2.290090090090089984e-08,-7.470211106855138006e-01
2.299999999999999750e-08,-7.374066831457526394e-01
2.309909909909909847e-08,-7.279565384499503411e-01
2.319819819819819613e-08,-7.186671826340034208e-01
2.329729729729729711e-08,-7.095352105273151633e-01
2.339639639639639477e-08,-7.005573031312749555e-01
2.349549549549549243e-08,-6.917302250858134993e-01
2.359459459459459340e-08,-6.830508222207284375e-01
2.369369369369369106e-08,-6.745160191886009349e-01
2.379279279279279203e-08,-6.661228171762501038e-01
2.389189189189188969e-08,-6.578682916918185963e-01
2.399099099099099066e-08,-6.497495904246761711e-01
2.409009009009008832e-08,-6.417639311754671505e-01
2.418918918918918598e-08,-6.339085998537175026e-01
2.428828828828828695e-08,-6.261809485405370745e-01
2.438738738738738462e-08,-6.185783936140440975e-01
2.448648648648648559e-08,-6.110984139352327871e-01
2.458558558558558325e-08,-6.037385490921091113e-01
2.468468468468468422e-08,-5.964963976999857476e-01
2.478378378378378188e-08,-5.893696157559370485e-01
2.488288288288287954e-08,-5.823559150454667988e-01
2.498198198198198051e-08,-5.754530615995440135e-01
2.508108108108107817e-08,-5.686588742002145480e-01
2.518018018018017914e-08,-5.619712229330781073e-01
2.527927927927927680e-08,-5.553880277849846392e-01
2.537837837837837777e-08,-5.489072572853631593e-01
2.547747747747747544e-08,-5.425269271896675516e-01
2.557657657657657641e-08,-5.362450992034689667e-01
2.567567567567567407e-08,-5.300598797457967137e-01
2.577477477477477173e-08,-5.239694187503656231e-01
2.587387387387387270e-08,-5.179719085033979153e-01
2.597297297297297036e-08,-5.120655825167811370e-01
2.607207207207207133e-08,-5.062487144353601254e-01
2.617117117117116899e-08,-5.005196169772068160e-01
2.627027027027026996e-08,-4.948766409057457905e-01
2.636936936936936762e-08,-4.893181740326718043e-01
2.646846846846846528e-08,-4.838426402506149082e-01
2.656756756756756625e-08,-4.784484985945673952e-01
2.666666666666666392e-08,-4.731342423311094558e-01
2.676576576576576489e-08,-4.678983980745096138e-01
2.686486486486486255e-08,-4.627395249288162038e-01
2.696396396396396352e-08,-4.576562136550770821e-01
2.706306306306306118e-08,-4.526470858628684479e-01
2.716216216216215884e-08,-4.477107932253314160e-01
2.726126126126125981e-08,-4.428460167169561146e-01
2.736036036036035747e-08,-4.380514658733700717e-01
2.745945945945945844e-08,-4.333258780724200121e-01
2.755855855855855610e-08,-4.286680178358619475e-01
2.765765765765765707e-08,-4.240766761509945915e-01
2.775675675675675474e-08,-4.195506698116008293e-01
2.785585585585585571e-08,-4.150888407775773503e-01
2.795495495495495337e-08,-4.106900555526630248e-01
2.805405405405405103e-08,-4.063532045796872105e-01
2.815315315315315200e-08,-4.020772016527905390e-01
2.825225225225224966e-08,-3.978609833460801659e-01
2.835135135135135063e-08,-3.937035084582051203e-01
2.845045045045044829e-08,-3.896037574723569819e-01
2.854954954954954926e-08,-3.855607320312107733e-01
2.864864864864864692e-08,-3.815734544263488792e-01
2.874774774774774458e-08,-3.776409671017133540e-01
2.884684684684684555e-08,-3.737623321706602386e-01
2.894594594594594322e-08,-3.699366309461950553e-01
2.904504504504504419e-08,-3.661629634839859149e-01
2.914414414414414185e-08,-3.624404481377677123e-01
2.924324324324324282e-08,-3.587682211267554377e-01
2.934234234234234048e-08,-3.551454361147086125e-01
2.944144144144143814e-08,-3.515712638002911339e-01
2.954054054054053911e-08,-3.480448915183875225e-01
2.963963963963963677e-08,-3.445655228520488333e-01
2.973873873873873774e-08,-3.411323772547467659e-01
2.983783783783783871e-08,-3.377446896826334366e-01
2.993693693693693637e-08,-3.344017102365058891e-01
3.003603603603603404e-08,-3.311027038131900135e-01
3.013513513513513170e-08,-3.278469497660656540e-01
3.023423423423423598e-08,-3.246337415744641741e-01
3.033333333333333364e-08,-3.214623865216787446e-01
3.043243243243243130e-08,-3.183322053813340546e-01
3.053153153153152896e-08,-3.152425321118749180e-01
3.063063063063063324e-08,-3.121927135589356861e-01
3.072972972972973090e-08,-3.091821091653645381e-01
3.082882882882882856e-08,-3.062100906886785490e-01
3.092792792792792622e-08,-3.032760419257403139e-01
3.102702702702703050e-08,-3.003793584444461873e-01
3.112612612612612816e-08,-2.975194473222272373e-01
3.122522522522522582e-08,-2.946957268911666317e-01
3.132432432432432349e-08,-2.919076264895500983e-01
3.142342342342342777e-08,-2.891545862196627237e-01
3.152252252252252543e-08,-2.864360567116595591e-01
3.162162162162162309e-08,-2.837514988933357851e-01
3.172072072072072075e-08,-2.811003837656350646e-01
3.181981981981981841e-08,-2.784821921837321024e-01
3.191891891891892269e-08,-2.758964146435364251e-01
3.201801801801802035e-08,-2.733425510734666664e-01
3.211711711711711801e-08,-2.708201106313473105e-01
3.221621621621621567e-08,-2.683286115062892274e-01
3.231531531531531995e-08,-2.658675807254157752e-01
3.241441441441441761e-08,-2.634365539653015786e-01
3.251351351351351528e-08,-2.610350753679942515e-01
3.261261261261261294e-08,-2.586626973614954417e-01
3.271171171171171060e-08,-2.563189804845798503e-01
3.281081081081081488e-08,-2.540034932158333758e-01
3.290990990990991254e-08,-2.517158118067984729e-01
3.300900900900901020e-08,-2.494555201191132332e-01
3.310810810810810786e-08,-2.472222094655402991e-01
3.320720720720720552e-08,-2.450154784547783904e-01
3.330630630630630980e-08,-2.428349328399575791e-01
3.340540540540540746e-08,-2.406801853707196681e-01
3.350450450450450513e-08,-2.385508556487869469e-01
3.360360360360360279e-08,-2.364465699869298387e-01
3.370270270270270707e-08,-2.343669612712417361e-01
3.380180180180180473e-08,-2.323116688266348151e-01
3.390090090090090239e-08,-2.302803382854713699e-01
3.400000000000000005e-08,-2.282726214592501746e-01
3.409909909909909771e-08,-2.262881762132672725e-01
3.419819819819820199e-08,-2.243266663441735587e-01
3.429729729729729965e-08,-2.223877614603553265e-01
3.439639639639639731e-08,-2.204711368650626169e-01
3.449549549549549497e-08,-2.185764734422170341e-01
3.459459459459459264e-08,-2.167034575448286149e-01
3.469369369369369691e-08,-2.148517808859546629e-01
3.479279279279279458e-08,-2.130211404321373514e-01
3.489189189189189224e-08,-2.112112382992540893e-01
3.499099099099098990e-08,-2.094217816507221996e-01
3.509009009009009418e-08,-2.076524825979962630e-01
3.518918918918919184e-08,-2.059030581033017004e-01
3.528828828828828950e-08,-2.041732298845460036e-01
3.538738738738738716e-08,-2.024627243223555695e-01
3.548648648648648482e-08,-2.007712723691832402e-01
3.558558558558558910e-08,-1.990986094604347001e-01
3.568468468468468676e-08,-1.974444754275647695e-01
3.578378378378378443e-08,-1.958086144130923856e-01
3.588288288288288209e-08,-1.941907747874893342e-01
3.598198198198198637e-08,-1.925907090678943279e-01
3.608108108108108403e-08,-1.910081738386089079e-01
3.618018018018018169e-08,-1.894429296733296519e-01
3.627927927927927935e-08,-1.878947410590761924e-01
3.637837837837837701e-08,-1.863633763217720507e-01
3.647747747747748129e-08,-1.848486075534384598e-01
3.657657657657657895e-08,-1.833502105409623717e-01
3.667567567567567661e-08,-1.818679646963992924e-01
3.677477477477477427e-08,-1.804016529887754461e-01
3.687387387387387194e-08,-1.789510618773517414e-01
3.697297297297297621e-08,-1.775159812463149300e-01
3.707207207207207388e-08,-1.760962043408621780e-01
3.717117117117117154e-08,-1.746915277046442450e-01
3.727027027027026920e-08,-1.733017511185366566e-01
3.736936936936937348e-08,-1.719266775407058967e-01
3.746846846846847114e-08,-1.705661130479408649e-01
3.756756756756756880e-08,-1.692198667782184585e-01
3.766666666666666646e-08,-1.678877508744754388e-01
3.776576576576576412e-08,-1.665695804295572735e-01
3.786486486486486840e-08,-1.652651734323165589e-01
3.796396396396396606e-08,-1.639743507148345159e-01
3.806306306306306373e-08,-1.626969359007382210e-01
3.816216216216216139e-08,-1.614327553545892024e-01
3.826126126126126567e-08,-1.601816381323179495e-01
3.836036036036036333e-08,-1.589434159326803264e-01
3.845945945945946099e-08,-1.577179230497112727e-01
3.855855855855855865e-08,-1.565049963261546384e-01
3.865765765765765631e-08,-1.553044751078448971e-01
3.875675675675676059e-08,-1.541162011990199476e-01
3.885585585585585825e-08,-1.529400188185432996e-01
3.895495495495495591e-08,-1.517757745570147698e-01
3.905405405405405357e-08,-1.506233173347497623e-01
3.915315315315315124e-08,-1.494824983606073687e-01
3.925225225225225551e-08,-1.483531710916475843e-01
3.935135135135135318e-08,-1.472351911935998181e-01
3.945045045045045084e-08,-1.461284165021229930e-01
3.954954954954954850e-08,-1.450327069848409978e-01
3.964864864864865278e-08,-1.439479247041350329e-01
3.974774774774775044e-08,-1.428739337806764487e-01
3.984684684684684810e-08,-1.418106003576828089e-01
3.994594594594594576e-08,-1.407577925658822504e-01
4.004504504504504342e-08,-1.397153804891693163e-01
4.014414414414414770e-08,-1.386832361309374151e-01
4.024324324324324536e-08,-1.376612333810733613e-01
4.034234234234234303e-08,-1.366492479835978990e-01
4.044144144144144069e-08,-1.356471575049401634e-01
4.054054054054054497e-08,-1.346548413028302582e-01
4.063963963963964263e-08,-1.336721804957978765e-01
4.073873873873874029e-08,-1.326990579332620324e-01
4.083783783783783795e-08,-1.317353581662010775e-01
4.093693693693693561e-08,-1.307809674183888493e-01
4.103603603603603989e-08,-1.298357735581850969e-01
4.113513513513513755e-08,-1.288996660708686126e-01
4.123423423423423521e-08,-1.279725360315007165e-01
4.133333333333333287e-08,-1.270542760783080483e-01
4.143243243243243054e-08,-1.261447803865736184e-01
4.153153153153153481e-08,-1.252439446430248238e-01
4.163063063063063248e-08,-1.243516660207084207e-01
4.172972972972973014e-08,-1.234678431543410754e-01
4.182882882882882780e-08,-1.225923761161264863e-01
4.192792792792793208e-08,-1.217251663920286137e-01
4.202702702702702974e-08,-1.208661168584914819e-01
4.212612612612612740e-08,-1.200151317595956196e-01
4.222522522522522506e-08,-1.191721166846430036e-01
4.232432432432432272e-08,-1.183369785461605428e-01
4.242342342342342700e-08,-1.175096255583136379e-01
4.252252252252252466e-08,-1.166899672157215573e-01
4.262162162162162233e-08,-1.158779142726654582e-01
4.272072072072071999e-08,-1.150733787226818627e-01
4.281981981981981765e-08,-1.142762737785327498e-01
4.291891891891892193e-08,-1.134865138525448652e-01
4.301801801801801959e-08,-1.127040145373107982e-01
4.311711711711711725e-08,-1.119286925867434279e-01
4.321621621621621491e-08,-1.111604658974778281e-01
4.331531531531531919e-08,-1.103992534906124007e-01
4.341441441441441685e-08,-1.096449754937829230e-01
4.351351351351351451e-08,-1.088975531235620853e-01
4.361261261261261217e-08,-1.081569086681785363e-01
4.371171171171170984e-08,-1.074229654705486370e-01
4.381081081081081412e-08,-1.066956479116143719e-01
4.390990990990991178e-08,-1.059748813939817569e-01
4.400900900900900944e-08,-1.052605923258528448e-01
4.410810810810810710e-08,-1.045527081052463059e-01
4.420720720720721138e-08,-1.038511571045001580e-01
4.430630630630630904e-08,-1.031558686550513304e-01
4.440540540540540670e-08,-1.024667730324860110e-01
4.450450450450450436e-08,-1.017838014418561282e-01
4.460360360360360202e-08,-1.011068860032560274e-01
4.470270270270270630e-08,-1.004359597376543040e-01
4.480180180180180396e-08,-9.977095655297614496e-02
4.490090090090090163e-08,-9.911181123043025232e-02
4.499999999999999929e-08,-9.845845941107676802e-02
4.509909909909909695e-08,-9.781083758263035832e-02
4.519819819819820123e-08,-9.716888306649451579e-02
4.529729729729729889e-08,-9.653253400502223580e-02
4.539639639639639655e-08,-9.590172934899848789e-02
4.549549549549549421e-08,-9.527640884534063770e-02
4.559459459459459849e-08,-9.465651302501204567e-02
4.569369369369369615e-08,-9.404198319114512317e-02
4.579279279279279381e-08,-9.343276140736929414e-02
4.589189189189189147e-08,-9.282879048634028185e-02
4.599099099099098914e-08,-9.223001397846693206e-02
4.609009009009009342e-08,-9.163637616083099291e-02
4.618918918918919108e-08,-9.104782202629736754e-02
4.628828828828828874e-08,-9.046429727280975996e-02
4.638738738738738640e-08,-8.988574829286934131e-02
4.648648648648649068e-08,-8.931212216319242558e-02
4.658558558558558834e-08,-8.874336663454363006e-02
4.668468468468468600e-08,-8.817943012174131456e-02
4.678378378378378366e-08,-8.762026169383213547e-02
4.688288288288288132e-08,-8.706581106443141149e-02
4.698198198198198560e-08,-8.651602858222602610e-02
4.708108108108108326e-08,-8.597086522163704947e-02
4.718018018018018093e-08,-8.543027257363877691e-02
4.727927927927927859e-08,-8.489420283673149159e-02
4.737837837837837625e-08,-8.436260880806502327e-02
4.747747747747748053e-08,-8.383544387471000836e-02
4.757657657657657819e-08,-8.331266200507468633e-02
4.767567567567567585e-08,-8.279421774046355487e-02
4.777477477477477351e-08,-8.228006618677634332e-02
4.787387387387387779e-08,-8.177016300634391832e-02
4.797297297297297545e-08,-8.126446440989895659e-02
4.807207207207207311e-08,-8.076292714867841505e-02
4.817117117117117078e-08,-8.026550850665625791e-02
4.827027027027026844e-08,-7.977216629290304062e-02
4.836936936936937272e-08,-7.928285883407061585e-02
4.846846846846847038e-08,-7.879754496699974131e-02
4.856756756756756804e-08,-7.831618403144759155e-02
4.866666666666666570e-08,-7.783873586293399427e-02
4.876576576576576336e-08,-7.736516078570354615e-02
4.886486486486486764e-08,-7.689541960580152657e-02
4.896396396396396530e-08,-7.642947360426208259e-02
4.906306306306306296e-08,-7.596728453040578477e-02
4.916216216216216062e-08,-7.550881459524538819e-02
4.926126126126126490e-08,-7.505402646499743924e-02
4.936036036036036256e-08,-7.460288325469781323e-02
4.945945945945946023e-08,-7.415534852191940640e-02
4.955855855855855789e-08,-7.371138626059012267e-02
4.965765765765765555e-08,-7.327096089490939268e-02
4.975675675675675983e-08,-7.283403727336146272e-02
4.985585585585585749e-08,-7.240058066282363536e-02
4.995495495495495515e-08,-7.197055674276774118e-02
5.005405405405405281e-08,-7.154393159955343973e-02
5.015315315315315709e-08,-7.112067172081143474e-02
5.025225225225225475e-08,-7.070074398991532671e-02
5.035135135135135241e-08,-7.028411568053986869e-02
5.045045045045045008e-08,-6.987075445130519480e-02
5.054954954954954774e-08,-6.946062834050431567e-02
5.064864864864865202e-08,-6.905370576091335311e-02
5.074774774774774968e-08,-6.864995549468262681e-02
5.084684684684684734e-08,-6.824934668830695550e-02
5.094594594594594500e-08,-6.785184884767456182e-02
5.104504504504504266e-08,-6.745743183319224956e-02
5.114414414414414694e-08,-6.706606585498632589e-02
5.124324324324324460e-08,-6.667772146817757539e-02
5.134234234234234226e-08,-6.629236956822881499e-02
5.144144144144143992e-08,-6.590998138636434966e-02
5.154054054054054420e-08,-6.553052848505944161e-02
5.163963963963964186e-08,-6.515398275359926550e-02
5.173873873873873953e-08,-6.478031640370532362e-02
5.183783783783783719e-08,-6.440950196522901572e-02
5.193693693693693485e-08,-6.404151228191053147e-02
5.203603603603603913e-08,-6.367632050720252457e-02
5.213513513513513679e-08,-6.331390010015691683e-02
5.223423423423423445e-08,-6.295422482137409681e-02
5.233333333333333211e-08,-6.259726872901343053e-02
5.243243243243243639e-08,-6.224300617486386300e-02
5.253153153153153405e-08,-6.189141180047389584e-02
5.263063063063063171e-08,-6.154246053333949779e-02
5.272972972972972938e-08,-6.119612758314942058e-02
5.282882882882882704e-08,-6.085238843808669917e-02
5.292792792792793132e-08,-6.051121886118537851e-02
5.302702702702702898e-08,-6.017259488674180784e-02
5.312612612612612664e-08,-5.983649281677903137e-02
5.322522522522522430e-08,-5.950288921756414356e-02
5.332432432432432196e-08,-5.917176091617706857e-02
5.342342342342342624e-08,-5.884308499713019475e-02
5.352252252252252390e-08,-5.851683879903818442e-02
5.362162162162162156e-08,-5.819299991133659172e-02
5.372072072072071922e-08,-5.787154617104910831e-02
5.381981981981982350e-08,-5.755245565960216692e-02
5.391891891891892116e-08,-5.723570669968648661e-02
5.401801801801801883e-08,-5.692127785216429675e-02
5.411711711711711649e-08,-5.660914791302209398e-02
5.421621621621621415e-08,-5.629929591036766934e-02
5.431531531531531843e-08,-5.599170110147097534e-02
5.441441441441441609e-08,-5.568634296984808357e-02
5.451351351351351375e-08,-5.538320122238726134e-02
5.461261261261261141e-08,-5.508225578651693155e-02
5.471171171171171569e-08,-5.478348680741447485e-02
5.481081081081081335e-08,-5.448687464525536761e-02
5.490990990990991101e-08,-5.419239987250191321e-02
5.500900900900900868e-08,-5.390004327123103234e-02
5.510810810810810634e-08,-5.360978583050041851e-02
5.520720720720721062e-08,-5.332160874375239945e-02
5.530630630630630828e-08,-5.303549340625510894e-02
5.540540540540540594e-08,-5.275142141257989359e-02
5.550450450450450360e-08,-5.246937455411501694e-02
5.560360360360360126e-08,-5.218933481661456458e-02
5.570270270270270554e-08,-5.191128437778223803e-02
5.580180180180180320e-08,-5.163520560488939204e-02
5.590090090090090086e-08,-5.136108105242673250e-02
5.599999999999999852e-08,-5.108889345978936264e-02
5.609909909909910280e-08,-5.081862574899432411e-02
5.619819819819820046e-08,-5.055026102243038999e-02
5.629729729729729813e-08,-5.028378256063936735e-02
5.639639639639639579e-08,-5.001917382012871505e-02
5.649549549549549345e-08,-4.975641843121460239e-02
5.659459459459459773e-08,-4.949550019589525618e-02
5.669369369369369539e-08,-4.923640308575405466e-02
5.679279279279279305e-08,-4.897911123989159843e-02
5.689189189189189071e-08,-4.872360896288679272e-02
5.699099099099098837e-08,-4.846988072278615028e-02
5.709009009009009265e-08,-4.821791114912091919e-02
5.718918918918919031e-08,-4.796768503095179964e-02
5.728828828828828798e-08,-4.771918731494044497e-02
5.738738738738738564e-08,-4.747240310344780223e-02
5.748648648648648992e-08,-4.722731765265839043e-02
5.758558558558558758e-08,-4.698391637073067589e-02
5.768468468468468524e-08,-4.674218481597243458e-02
5.778378378378378290e-08,-4.650210869504139283e-02
5.788288288288288056e-08,-4.626367386117042485e-02
5.798198198198198484e-08,-4.602686631241683507e-02
5.808108108108108250e-08,-4.579167218993570460e-02
5.818018018018018016e-08,-4.555807777627651767e-02
5.827927927927927782e-08,-4.532606949370306809e-02
5.837837837837838210e-08,-4.509563390253608361e-02
5.847747747747747977e-08,-4.486675769951831844e-02
5.857657657657657743e-08,-4.463942771620164895e-02
5.867567567567567509e-08,-4.441363091735604091e-02
5.877477477477477275e-08,-4.418935439939987442e-02
5.887387387387387703e-08,-4.396658538885132167e-02
5.897297297297297469e-08,-4.374531124080069389e-02
5.907207207207207235e-08,-4.352551943740299439e-02
5.917117117117117001e-08,-4.330719758639085121e-02
5.927027027027026767e-08,-4.309033341960722546e-02
5.936936936936937195e-08,-4.287491479155761120e-02
5.946846846846846961e-08,-4.266092967798168489e-02
5.956756756756756728e-08,-4.244836617444376625e-02
5.966666666666665832e-08,-4.223721249494198637e-02
5.976576576576576260e-08,-4.202745697053597573e-02
5.986486486486486688e-08,-4.181908804799267659e-02
5.996396396396395792e-08,-4.161209428844997449e-02
6.006306306306306220e-08,-4.140646436609781572e-02
6.016216216216215324e-08,-4.120218706687712312e-02
6.026126126126125752e-08,-4.099925128719515699e-02
6.036036036036036180e-08,-4.079764603265831346e-02
6.045945945945945285e-08,-4.059736041682118768e-02
6.055855855855855712e-08,-4.039838365995199188e-02
6.065765765765764817e-08,-4.020070508781424523e-02
6.075675675675675245e-08,-4.000431413046415252e-02
6.085585585585584349e-08,-3.980920032106383816e-02
6.095495495495494777e-08,-3.961535329470969313e-02
6.105405405405405205e-08,-3.942276278727625122e-02
6.115315315315314309e-08,-3.923141863427477560e-02
6.125225225225224737e-08,-3.904131076972666009e-02
6.135135135135135165e-08,-3.885242922505142971e-02
6.145045045045044270e-08,-3.866476412796905626e-02
6.154954954954954697e-08,-3.847830570141620027e-02
6.164864864864863802e-08,-3.829304426247673310e-02
6.174774774774774230e-08,-3.810897022132554018e-02
6.184684684684684658e-08,-3.792607408018625753e-02
6.194594594594593762e-08,-3.774434643230199782e-02
6.204504504504504190e-08,-3.756377796091932980e-02
6.214414414414413294e-08,-3.738435943828532365e-02
6.224324324324323722e-08,-3.720608172465703772e-02
6.234234234234234150e-08,-3.702893576732398800e-02
6.244144144144143254e-08,-3.685291259964266347e-02
6.254054054054053682e-08,-3.667800334008337187e-02
6.263963963963962787e-08,-3.650419919128928409e-02
6.273873873873873215e-08,-3.633149143914705254e-02
6.283783783783783643e-08,-3.615987145186944085e-02
6.293693693693692747e-08,-3.598933067908929861e-02
6.303603603603603175e-08,-3.581986065096490895e-02
6.313513513513512279e-08,-3.565145297729671592e-02
6.323423423423422707e-08,-3.548409934665488347e-02
6.333333333333333135e-08,-3.531779152551800527e-02
6.343243243243242239e-08,-3.515252135742236855e-02
6.353153153153152667e-08,-3.498828076212179977e-02
6.363063063063063095e-08,-3.482506173475823086e-02
6.372972972972972200e-08,-3.466285634504225749e-02
6.382882882882882627e-08,-3.450165673644392528e-02
6.392792792792791732e-08,-3.434145512539379247e-02
6.402702702702702160e-08,-3.418224380049344341e-02
6.412612612612612588e-08,-3.402401512173616749e-02
6.422522522522521692e-08,-3.386676151973695703e-02
6.432432432432432120e-08,-3.371047549497201840e-02
6.442342342342341224e-08,-3.355514961702783794e-02
6.452252252252251652e-08,-3.340077652385914364e-02
6.462162162162162080e-08,-3.324734892105625506e-02
6.472072072072071184e-08,-3.309485958112118320e-02
6.481981981981981612e-08,-3.294330134275261224e-02
6.491891891891890717e-08,-3.279266711013976293e-02
6.501801801801801145e-08,-3.264294985226454116e-02
6.511711711711711573e-08,-3.249414260221252654e-02
6.521621621621620677e-08,-3.234623845649207269e-02
6.531531531531531105e-08,-3.219923057436166469e-02
6.541441441441440209e-08,-3.205311217716564492e-02
6.551351351351350637e-08,-3.190787654767764103e-02
6.561261261261261065e-08,-3.176351702945223038e-02
6.571171171171170169e-08,-3.162002702618418870e-02
6.581081081081080597e-08,-3.147740000107548258e-02
6.590990990990991025e-08,-3.133562947621001266e-02
6.600900900900900130e-08,-3.119470903193570510e-02
6.610810810810810557e-08,-3.105463230625396531e-02
6.620720720720719662e-08,-3.091539299421664985e-02
6.630630630630630090e-08,-3.077698484732998077e-02
6.640540540540540518e-08,-3.063940167296575617e-02
6.650450450450449622e-08,-3.050263733377949621e-02
6.660360360360360050e-08,-3.036668574713542734e-02
6.670270270270269154e-08,-3.023154088453850266e-02
6.680180180180179582e-08,-3.009719677107285454e-02
6.690090090090090010e-08,-2.996364748484722784e-02
6.699999999999999114e-08,-2.983088715644667890e-02
6.709909909909909542e-08,-2.969890996839087347e-02
6.719819819819818647e-08,-2.956771015459882038e-02
6.729729729729729075e-08,-2.943728199985972543e-02
6.739639639639639503e-08,-2.930761983931027409e-02
6.749549549549548607e-08,-2.917871805791788509e-02
6.759459459459459035e-08,-2.905057108997002868e-02
6.769369369369368139e-08,-2.892317341856967886e-02
6.779279279279278567e-08,-2.879651957513639296e-02
6.789189189189188995e-08,-2.867060413891345944e-02
6.799099099099098099e-08,-2.854542173648065562e-02
6.809009009009008527e-08,-2.842096704127261564e-02
6.818918918918917632e-08,-2.829723477310298885e-02
6.828828828828828060e-08,-2.817421969769385443e-02
6.838738738738738487e-08,-2.805191662621087448e-02
6.848648648648647592e-08,-2.793032041480354374e-02
6.858558558558558020e-08,-2.780942596415087592e-02
6.868468468468468448e-08,-2.768922821901241907e-02
6.878378378378377552e-08,-2.756972216778424273e-02
6.888288288288287980e-08,-2.745090284206011533e-02
6.898198198198197084e-08,-2.733276531619782332e-02
6.908108108108107512e-08,-2.721530470689025039e-02
6.918018018018017940e-08,-2.709851617274156368e-02
6.927927927927927044e-08,-2.698239491384811853e-02
6.937837837837837472e-08,-2.686693617138414744e-02
6.947747747747746577e-08,-2.675213522719229603e-02
6.957657657657657005e-08,-2.663798740337863097e-02
6.967567567567567433e-08,-2.652448806191242195e-02
6.977477477477476537e-08,-2.641163260423036452e-02
6.987387387387386965e-08,-2.629941647084525769e-02
6.997297297297296069e-08,-2.618783514095928203e-02
7.007207207207206497e-08,-2.607688413208136824e-02
7.017117117117116925e-08,-2.596655899964920092e-02
7.027027027027026029e-08,-2.585685533665523991e-02
7.036936936936936457e-08,-2.574776877327699873e-02
7.046846846846845562e-08,-2.563929497651160766e-02
7.056756756756755990e-08,-2.553142964981426274e-02
7.066666666666666417e-08,-2.542416853274095251e-02
7.076576576576575522e-08,-2.531750740059500460e-02
7.086486486486485950e-08,-2.521144206407761185e-02
7.096396396396396378e-08,-2.510596836894239681e-02
7.106306306306305482e-08,-2.500108219565364345e-02
7.116216216216215910e-08,-2.489677945904838000e-02
7.126126126126125014e-08,-2.479305610800235440e-02
7.136036036036035442e-08,-2.468990812509946550e-02
7.145945945945945870e-08,-2.458733152630510760e-02
7.155855855855854975e-08,-2.448532236064297415e-02
7.165765765765765402e-08,-2.438387670987543498e-02
7.175675675675674507e-08,-2.428299068818755985e-02
7.185585585585584935e-08,-2.418266044187445535e-02
7.195495495495495363e-08,-2.408288214903221355e-02
7.205405405405404467e-08,-2.398365201925211840e-02
7.215315315315314895e-08,-2.388496629331825216e-02
7.225225225225223999e-08,-2.378682124290849159e-02
7.235135135135134427e-08,-2.368921317029860918e-02
7.245045045045044855e-08,-2.359213840806980919e-02
7.254954954954953959e-08,-2.349559331881930294e-02
7.264864864864864387e-08,-2.339957429487405510e-02
7.274774774774773492e-08,-2.330407775800776016e-02
7.284684684684683920e-08,-2.320910015916072613e-02
7.294594594594594347e-08,-2.311463797816297461e-02
7.304504504504503452e-08,-2.302068772346019254e-02
7.314414414414413880e-08,-2.292724593184270604e-02
7.324324324324324308e-08,-2.283430916817743780e-02
7.334234234234233412e-08,-2.274187402514268527e-02
7.344144144144143840e-08,-2.264993712296573675e-02
7.354054054054052944e-08,-2.255849510916345738e-02
7.363963963963963372e-08,-2.246754465828544947e-02
7.373873873873873800e-08,-2.237708247166018960e-02
7.383783783783782905e-08,-2.228710527714371573e-02
7.393693693693693332e-08,-2.219760982887107256e-02
7.403603603603602437e-08,-2.210859290701048738e-02
7.413513513513512865e-08,-2.202005131751999176e-02
7.423423423423423293e-08,-2.193198189190683628e-02
7.433333333333332397e-08,-2.184438148698935808e-02
7.443243243243242825e-08,-2.175724698466133256e-02
7.453153153153151929e-08,-2.167057529165901386e-02
7.463063063063062357e-08,-2.158436333933043058e-02
7.472972972972972785e-08,-2.149860808340727653e-02
7.482882882882881889e-08,-2.141330650377916769e-02
7.492792792792792317e-08,-2.132845560427021336e-02
7.502702702702701422e-08,-2.124405241241812334e-02
7.512612612612611850e-08,-2.116009397925541768e-02
7.522522522522522278e-08,-2.107657737909314835e-02
7.532432432432431382e-08,-2.099349970930674408e-02
7.542342342342341810e-08,-2.091085809012415558e-02
7.552252252252252238e-08,-2.082864966441625929e-02
7.562162162162161342e-08,-2.074687159748941218e-02
7.572072072072071770e-08,-2.066552107688015422e-02
7.581981981981980874e-08,-2.058459531215212773e-02
7.591891891891891302e-08,-2.050409153469502990e-02
7.601801801801801730e-08,-2.042400699752573365e-02
7.611711711711710835e-08,-2.034433897509144856e-02
7.621621621621621262e-08,-2.026508476307488718e-02
7.631531531531530367e-08,-2.018624167820152332e-02
7.641441441441440795e-08,-2.010780705804878291e-02
7.651351351351351223e-08,-2.002977826085727830e-02
7.661261261261260327e-08,-1.995215266534392309e-02
7.671171171171170755e-08,-1.987492767051700360e-02
7.681081081081079859e-08,-1.979810069549319679e-02
7.690990990990990287e-08,-1.972166917931637148e-02
7.700900900900900715e-08,-1.964563058077840527e-02
7.710810810810809819e-08,-1.956998237824166334e-02
7.720720720720720247e-08,-1.949472206946343059e-02
7.730630630630629352e-08,-1.941984717142212699e-02
7.740540540540539780e-08,-1.934535522014518491e-02
7.750450450450450208e-08,-1.927124377053885881e-02
7.760360360360359312e-08,-1.919751039621966221e-02
7.770270270270269740e-08,-1.912415268934748377e-02
7.780180180180180168e-08,-1.905116826046055617e-02
7.790090090090089272e-08,-1.897855473831195489e-02
7.799999999999999700e-08,-1.890630976970778671e-02
7.809909909909908804e-08,-1.883443101934712677e-02
7.819819819819819232e-08,-1.876291616966337811e-02
7.829729729729729660e-08,-1.869176292066745265e-02
7.839639639639638765e-08,-1.862096898979239551e-02
7.849549549549549192e-08,-1.855053211173956357e-02
7.859459459459458297e-08,-1.848045003832649719e-02
7.869369369369368725e-08,-1.841072053833613456e-02
7.879279279279279153e-08,-1.834134139736771918e-02
7.889189189189188257e-08,-1.827231041768907424e-02
7.899099099099098685e-08,-1.820362541809038628e-02
7.909009009009007789e-08,-1.813528423373953966e-02
7.918918918918918217e-08,-1.806728471603873815e-02
7.928828828828828645e-08,-1.799962473248272604e-02
7.938738738738737749e-08,-1.793230216651832409e-02
7.948648648648648177e-08,-1.786531491740533592e-02
7.958558558558557282e-08,-1.779866090007897750e-02
7.968468468468467710e-08,-1.773233804501349320e-02
7.978378378378378138e-08,-1.766634429808729145e-02
7.988288288288287242e-08,-1.760067762044932246e-02
7.998198198198197670e-08,-1.753533598838673616e-02
8.008108108108108098e-08,-1.747031739319401811e-02
8.018018018018017202e-08,-1.740561984104324611e-02
8.027927927927927630e-08,-1.734124135285567553e-02
8.037837837837836734e-08,-1.727717996417467081e-02
8.047747747747747162e-08,-1.721343372503975067e-02
8.057657657657657590e-08,-1.715000069986200373e-02
8.067567567567566695e-08,-1.708687896730062827e-02
8.077477477477477122e-08,-1.702406662014071398e-02
8.087387387387386227e-08,-1.696156176517228317e-02
8.097297297297296655e-08,-1.689936252307036590e-02
8.107207207207207083e-08,-1.683746702827642119e-02
8.117117117117116187e-08,-1.677587342888079910e-02
8.127027027027026615e-08,-1.671457988650636509e-02
8.136936936936935719e-08,-1.665358457619330046e-02
8.146846846846846147e-08,-1.659288568628497496e-02
8.156756756756756575e-08,-1.653248141831495724e-02
8.166666666666665679e-08,-1.647236998689512524e-02
8.176576576576576107e-08,-1.641254961960479306e-02
8.186486486486485212e-08,-1.635301855688103823e-02
8.196396396396395640e-08,-1.629377505190993461e-02
8.206306306306306068e-08,-1.623481737051898216e-02
8.216216216216215172e-08,-1.617614379107045613e-02
8.226126126126125600e-08,-1.611775260435584917e-02
8.236036036036034704e-08,-1.605964211349132295e-02
8.245945945945945132e-08,-1.600181063381411750e-02
8.255855855855855560e-08,-1.594425649278001164e-02
8.265765765765764664e-08,-1.588697802986176189e-02
8.275675675675675092e-08,-1.582997359644843297e-02
8.285585585585585520e-08,-1.577324155574580736e-02
8.295495495495494625e-08,-1.571678028267767604e-02
8.305405405405405052e-08,-1.566058816378803481e-02
8.315315315315314157e-08,-1.560466359714435258e-02
8.325225225225224585e-08,-1.554900499224155970e-02
8.335135135135135013e-08,-1.549361076990714466e-02
8.345045045045044117e-08,-1.543847936220703147e-02
8.354954954954954545e-08,-1.538360921235234699e-02
8.364864864864863649e-08,-1.532899877460715959e-02
8.374774774774774077e-08,-1.527464651419698297e-02
8.384684684684684505e-08,-1.522055090721824433e-02
8.394594594594593609e-08,-1.516671044054853680e-02
8.404504504504504037e-08,-1.511312361175770093e-02
8.414414414414413142e-08,-1.505978892901985514e-02
8.424324324324323570e-08,-1.500670491102610964e-02
8.434234234234233998e-08,-1.495387008689821537e-02
8.444144144144143102e-08,-1.490128299610295887e-02
8.454054054054053530e-08,-1.484894218836735856e-02
8.463963963963962634e-08,-1.479684622359470937e-02
8.473873873873873062e-08,-1.474499367178133333e-02
8.483783783783783490e-08,-1.469338311293418367e-02
8.493693693693692594e-08,-1.464201313698917407e-02
8.503603603603603022e-08,-1.459088234373023991e-02
8.513513513513513450e-08,-1.453998934270924435e-02
8.523423423423422555e-08,-1.448933275316654536e-02
8.533333333333332982e-08,-1.443891120395231209e-02
8.543243243243242087e-08,-1.438872333344861851e-02
8.553153153153152515e-08,-1.433876778949219090e-02
8.563063063063062943e-08,-1.428904322929793781e-02
8.572972972972972047e-08,-1.423954831938314090e-02
8.582882882882882475e-08,-1.419028173549233100e-02
8.592792792792791579e-08,-1.414124216252293786e-02
8.602702702702702007e-08,-1.409242829445150197e-02
8.612612612612612435e-08,-1.404383883426069471e-02
8.622522522522521540e-08,-1.399547249386691797e-02
8.632432432432431967e-08,-1.394732799404856984e-02
8.642342342342341072e-08,-1.389940406437505278e-02
8.652252252252251500e-08,-1.385169944313631614e-02
8.662162162162161928e-08,-1.380421287727313408e-02
8.672072072072071032e-08,-1.375694312230798383e-02
8.681981981981981460e-08,-1.370988894227652237e-02
8.691891891891890564e-08,-1.366304910965977434e-02
8.701801801801800992e-08,-1.361642240531682306e-02
8.711711711711711420e-08,-1.357000761841823007e-02
8.721621621621620524e-08,-1.352380354637996995e-02
8.731531531531530952e-08,-1.347780899479799829e-02
8.741441441441441380e-08,-1.343202277738343026e-02
8.751351351351350485e-08,-1.338644371589827256e-02
8.761261261261260912e-08,-1.334107064009174351e-02
8.771171171171170017e-08,-1.329590238763720365e-02
8.781081081081080445e-08,-1.325093780406958431e-02
8.790990990990990873e-08,-1.320617574272347008e-02
8.800900900900899977e-08,-1.316161506467166363e-02
8.810810810810810405e-08,-1.311725463866430900e-02
8.820720720720719509e-08,-1.307309334106864299e-02
8.830630630630629937e-08,-1.302913005580915232e-02
8.840540540540540365e-08,-1.298536367430840402e-02
8.850450450450449470e-08,-1.294179309542830766e-02
8.860360360360359897e-08,-1.289841722541192753e-02
8.870270270270269002e-08,-1.285523497782587073e-02
8.880180180180179430e-08,-1.281224527350307597e-02
8.890090090090089858e-08,-1.276944704048623737e-02
8.899999999999998962e-08,-1.272683921397163923e-02
8.909909909909909390e-08,-1.268442073625352176e-02
8.919819819819818494e-08,-1.264219055666896546e-02
8.929729729729728922e-08,-1.260014763154320393e-02
8.939639639639639350e-08,-1.255829092413549876e-02
8.949549549549548454e-08,-1.251661940458542906e-02
8.959459459459458882e-08,-1.247513204985966837e-02
8.969369369369369310e-08,-1.243382784369927163e-02
8.979279279279278415e-08,-1.239270577656737850e-02
8.989189189189188843e-08,-1.235176484559739017e-02
8.999099099099097947e-08,-1.231100405454163375e-02
9.009009009009008375e-08,-1.227042241372041514e-02
9.018918918918918803e-08,-1.223001893997159931e-02
9.028828828828827907e-08,-1.218979265660056696e-02
9.038738738738738335e-08,-1.214974259333061711e-02
9.048648648648647439e-08,-1.210986778625386222e-02
9.058558558558557867e-08,-1.207016727778246513e-02
9.068468468468468295e-08,-1.203064011660037735e-02
9.078378378378377400e-08,-1.199128535761546238e-02
9.088288288288287827e-08,-1.195210206191201809e-02
9.098198198198196932e-08,-1.191308929670377263e-02
9.108108108108107360e-08,-1.187424613528722216e-02
9.118018018018017788e-08,-1.183557165699541773e-02
9.127927927927926892e-08,-1.179706494715214264e-02
9.137837837837837320e-08,-1.175872509702646611e-02
9.147747747747746424e-08,-1.172055120378773241e-02
9.157657657657656852e-08,-1.168254237046088308e-02
9.167567567567567280e-08,-1.164469770588222840e-02
9.177477477477476384e-08,-1.160701632465556236e-02
9.187387387387386812e-08,-1.156949734710862807e-02
9.197297297297297240e-08,-1.153213989925004623e-02
9.207207207207206345e-08,-1.149494311272652308e-02
9.217117117117116773e-08,-1.145790612478045888e-02
9.227027027027025877e-08,-1.142102807820796588e-02
9.236936936936936305e-08,-1.138430812131715174e-02
9.246846846846846733e-08,-1.134774540788684866e-02
9.256756756756755837e-08,-1.131133909712565833e-02
9.266666666666666265e-08,-1.127508835363132296e-02
9.276576576576575369e-08,-1.123899234735050226e-02
9.286486486486485797e-08,-1.120305025353882621e-02
9.296396396396396225e-08,-1.116726125272135897e-02
9.306306306306305330e-08,-1.113162453065333346e-02
9.316216216216215757e-08,-1.109613927828125360e-02
9.326126126126124862e-08,-1.106080469170433837e-02
9.336036036036035290e-08,-1.102561997213625210e-02
9.345945945945945718e-08,-1.099058432586719897e-02
9.355855855855854822e-08,-1.095569696422632987e-02
9.365765765765765250e-08,-1.092095710354443021e-02
9.375675675675674354e-08,-1.088636396511698766e-02
9.385585585585584782e-08,-1.085191677516750969e-02
9.395495495495495210e-08,-1.081761476481119151e-02
9.405405405405404314e-08,-1.078345717001888415e-02
9.415315315315314742e-08,-1.074944323158131751e-02
9.425225225225225170e-08,-1.071557219507371372e-02
9.435135135135134275e-08,-1.068184331082062608e-02
9.445045045045044703e-08,-1.064825583386106757e-02
9.454954954954953807e-08,-1.061480902391401422e-02
9.464864864864864235e-08,-1.058150214534408183e-02
9.474774774774774663e-08,-1.054833446712759477e-02
9.484684684684683767e-08,-1.051530526281887340e-02
9.494594594594594195e-08,-1.048241381051680590e-02
9.504504504504503299e-08,-1.044965939283174806e-02
9.514414414414413727e-08,-1.041704129685262770e-02
9.524324324324324155e-08,-1.038455881411439255e-02
9.534234234234233260e-08,-1.035221124056568028e-02
9.544144144144143687e-08,-1.031999787653675900e-02
9.554054054054052792e-08,-1.028791802670777147e-02
9.563963963963963220e-08,-1.025597100007719781e-02
9.573873873873873648e-08,-1.022415610993061309e-02
9.583783783783782752e-08,-1.019247267380968790e-02
9.593693693693693180e-08,-1.016092001348141254e-02
9.603603603603602284e-08,-1.012949745490767002e-02
9.613513513513512712e-08,-1.009820432821492871e-02
9.623423423423423140e-08,-1.006703996766431485e-02
9.633333333333332244e-08,-1.003600371162183258e-02
9.643243243243242672e-08,-1.000509490252885804e-02
9.653153153153151777e-08,-9.974312886872926595e-03
9.663063063063062205e-08,-9.943657015158672771e-03
9.672972972972972633e-08,-9.913126641879066794e-03
9.682882882882881737e-08,-9.882721125486883598e-03
9.692792792792792165e-08,-9.852439828366366115e-03
9.702702702702702593e-08,-9.822282116805173061e-03
9.712612612612611697e-08,-9.792247360966512340e-03
9.722522522522522125e-08,-9.762334934861508634e-03
9.732432432432431229e-08,-9.732544216321839872e-03
9.742342342342341657e-08,-9.702874586972515952e-03
9.752252252252252085e-08,-9.673325432204957566e-03
9.762162162162161190e-08,-9.643896141150251969e-03
9.772072072072071617e-08,-9.614586106652613443e-03
9.781981981981980722e-08,-9.585394725243107442e-03
9.791891891891891150e-08,-9.556321397113537799e-03
9.801801801801801578e-08,-9.527365526090571593e-03
9.811711711711710682e-08,-9.498526519610070440e-03
9.821621621621621110e-08,-9.469803788691614349e-03
9.831531531531530214e-08,-9.441196747913258025e-03
9.841441441441440642e-08,-9.412704815386443297e-03
9.851351351351351070e-08,-9.384327412731180429e-03
9.861261261261260174e-08,-9.356063965051375150e-03
9.871171171171170602e-08,-9.327913900910355174e-03
9.881081081081079707e-08,-9.299876652306637848e-03
9.890990990990990135e-08,-9.271951654649831370e-03
9.900900900900900563e-08,-9.244138346736785819e-03
9.910810810810809667e-08,-9.216436170727898558e-03
9.920720720720720095e-08,-9.188844572123601798e-03
9.930630630630630523e-08,-9.161362999741084340e-03
9.940540540540539627e-08,-9.133990905691155571e-03
9.950450450450450055e-08,-9.106727745355286396e-03
9.960360360360359159e-08,-9.079572977362894773e-03
9.970270270270269587e-08,-9.052526063568733586e-03
9.980180180180180015e-08,-9.025586469030514453e-03
9.990090090090089120e-08,-8.998753661986682445e-03
9.999999999999999547e-08,-8.972027113834371223e-03
