R_values,D1_avg
1.024982885531981935e+01,1.051342665279277711e+01
1.044628172115185194e+01,9.663532197296214932e+00
1.064273458698388630e+01,8.896303510580388263e+00
1.083918745281591889e+01,8.202390013893678500e+00
1.103564031864795147e+01,7.573641842241820576e+00
1.123209318447998584e+01,7.002937918032955622e+00
1.142854605031201842e+01,6.484041097591654257e+00
1.162499891614405101e+01,6.011475753548051415e+00
1.182145178197608537e+01,5.580424012287716451e+00
1.201790464780811796e+01,5.186637552665142259e+00
1.221435751364015232e+01,4.826362425581710802e+00
1.241081037947218491e+01,4.496274801450264036e+00
1.260726324530421749e+01,4.193425915605147658e+00
1.280371611113625185e+01,3.915194777305835760e+00
1.300016897696828444e+01,3.659247449461512591e+00
1.319662184280031880e+01,3.423501904119468531e+00
1.339307470863235139e+01,3.206097621480629378e+00
1.358952757446438397e+01,3.005369234396968903e+00
1.378598044029641656e+01,2.819823631296794808e+00
1.398243330612845092e+01,2.648120022548535957e+00
1.417888617196048351e+01,2.489052551851378858e+00
1.437533903779251787e+01,2.341535098108726842e+00
1.457179190362455046e+01,2.204587966647145070e+00
1.476824476945658304e+01,2.077326213415975786e+00
1.496469763528861563e+01,1.958949383430123925e+00
1.516115050112064999e+01,1.848732476416632187e+00
1.535760336695268435e+01,1.746017979391542685e+00
1.555405623278471694e+01,1.650208828545922213e+00
1.575050909861674953e+01,1.560762182033514467e+00
1.594696196444878211e+01,1.477183901584422143e+00
1.614341483028081825e+01,1.399023654780849446e+00
1.633986769611284728e+01,1.325870561705241091e+00
1.653632056194488342e+01,1.257349319826616130e+00
1.673277342777691601e+01,1.193116749693404310e+00
1.692922629360894859e+01,1.132858711472376712e+00
1.712567915944098118e+01,1.076287348799768173e+00
1.732213202527301377e+01,1.023138621948147309e+00
1.751858489110504991e+01,9.731700970926604466e-01
1.771503775693708249e+01,9.261589625935410242e-01
1.791149062276911508e+01,8.819002467917741450e-01
1.810794348860114766e+01,8.402052149207828169e-01
1.830439635443318025e+01,8.008999254359039366e-01
1.850084922026521639e+01,7.638239284124432871e-01
1.869730208609724542e+01,7.288290907106206307e-01
1.889375495192928156e+01,6.957785343931640609e-01
1.909020781776131415e+01,6.645456764440544895e-01
1.928666068359334673e+01,6.350133592050464237e-01
1.948311354942538287e+01,6.070730621462014920e-01
1.967956641525741190e+01,5.806241866397994222e-01
1.987601928108944804e+01,5.555734063328799932e-01
2.007247214692148063e+01,5.318340765287594696e-01
2.026892501275351322e+01,5.093256967062553819e-01
2.046537787858554935e+01,4.879734209394721023e-01
2.066183074441757839e+01,4.677076115412707180e-01
2.085828361024961453e+01,4.484634317492809386e-01
2.105473647608164711e+01,4.301804737124418354e-01
2.125118934191367970e+01,4.128024184254515117e-01
2.144764220774571228e+01,3.962767246042896985e-01
2.164409507357774487e+01,3.805543438032818471e-01
2.184054793940978101e+01,3.655894593476534116e-01
2.203700080524181359e+01,3.513392468991352047e-01
2.223345367107384618e+01,3.377636546894184910e-01
2.242990653690587877e+01,3.248252016501982919e-01
2.262635940273791135e+01,3.124887918418341459e-01
2.282281226856994749e+01,3.007215437376813405e-01
2.301926513440197652e+01,2.894926330599493225e-01
2.321571800023401266e+01,2.787731479873418183e-01
2.341217086606604525e+01,2.685359556663571290e-01
2.360862373189807784e+01,2.587555790583263571e-01
2.380507659773011397e+01,2.494080832443657803e-01
2.400152946356214301e+01,2.404709703914440500e-01
2.419798232939417915e+01,2.319230826557332759e-01
2.439443519522621173e+01,2.237445123651796708e-01
2.459088806105824432e+01,2.159165188825293846e-01
2.478734092689028046e+01,2.084214516036052289e-01
2.498379379272230949e+01,2.012426785939997187e-01
2.518024665855434563e+01,1.943645204110987512e-01
2.537669952438637822e+01,1.877721886979461241e-01
2.557315239021841080e+01,1.814517291713063363e-01
2.576960525605044339e+01,1.753899686587944984e-01
2.596605812188247597e+01,1.695744658694177676e-01
2.616251098771451211e+01,1.639934656086403375e-01
2.635896385354654470e+01,1.586358561733972328e-01
2.655541671937857728e+01,1.534911296845875295e-01
2.675186958521060987e+01,1.485493451346912019e-01
2.694832245104264246e+01,1.438010939464623161e-01
2.714477531687467504e+01,1.392374678553358336e-01
2.734122818270671118e+01,1.348500289433944010e-01
2.753768104853874377e+01,1.306307816666201493e-01
2.773413391437077635e+01,1.265721467298226433e-01
2.793058678020280894e+01,1.226669366752122098e-01
2.812703964603484152e+01,1.189083330611649808e-01
2.832349251186687766e+01,1.152898651174063538e-01
2.851994537769891025e+01,1.118053897716981826e-01
2.871639824353094284e+01,1.084490729512287699e-01
2.891285110936297542e+01,1.052153720693417144e-01
2.910930397519500801e+01,1.020990196150582813e-01
2.930575684102704059e+01,9.909500776910470932e-02
2.950220970685907673e+01,9.619857397590182713e-02
2.969866257269110932e+01,9.340518740625086691e-02
2.989511543852314190e+01,9.071053625029969203e-02
3.009156830435517449e+01,8.811051578483709845e-02
3.028802117018720708e+01,8.560121716306598461e-02
3.048447403601924321e+01,8.317891687878715967e-02
3.068092690185127580e+01,8.084006686040856593e-02
3.087737976768330839e+01,7.858128515340204179e-02
3.107383263351534097e+01,7.639934715279253497e-02
3.127028549934737356e+01,7.429117734999340916e-02
3.146673836517940614e+01,7.225384156082420573e-02
3.166319123101144228e+01,7.028453960387524846e-02
3.185964409684347487e+01,6.838059840053617444e-02
3.205609696267551101e+01,6.653946546999425782e-02
3.225254982850754004e+01,6.475870279435019805e-02
3.244900269433956908e+01,6.303598103070084946e-02
3.264545556017160521e+01,6.136907404861718235e-02
3.284190842600364135e+01,5.975585377290568156e-02
3.303836129183567039e+01,5.819428531289530526e-02
3.323481415766770652e+01,5.668242236074848978e-02
3.343126702349974266e+01,5.521840284245926878e-02
3.362771988933177170e+01,5.380044480628121129e-02
3.382417275516380784e+01,5.242684253433271130e-02
3.402062562099584397e+01,5.109596286405943683e-02
3.421707848682787301e+01,4.980624170709863074e-02
3.441353135265990204e+01,4.855618075389657451e-02
3.460998421849193818e+01,4.734434435317941975e-02
3.480643708432397432e+01,4.616935655607408429e-02
3.500288995015600335e+01,4.502989831532466097e-02
3.519934281598803949e+01,4.392470483065444298e-02
3.539579568182007563e+01,4.285256303188652444e-02
3.559224854765210466e+01,4.181230919195964152e-02
3.578870141348413370e+01,4.080282666246590889e-02
3.598515427931617694e+01,3.982304372479308213e-02
3.618160714514820597e+01,3.887193155037959452e-02
3.637806001098023501e+01,3.794850226398708420e-02
3.657451287681227114e+01,3.705180710426816265e-02
3.677096574264430728e+01,3.618093467625178167e-02
3.696741860847633632e+01,3.533500929069326862e-02
3.716387147430837246e+01,3.451318938553899623e-02
3.736032434014040859e+01,3.371466602503884330e-02
3.755677720597243763e+01,3.293866147230385677e-02
3.775323007180446666e+01,3.218442783135516683e-02
3.794968293763650280e+01,3.145124575494209068e-02
3.814613580346853894e+01,3.073842321462454466e-02
3.834258866930056797e+01,3.004529432981841233e-02
3.853904153513260411e+01,2.937121825269372460e-02
3.873549440096464025e+01,2.871557810599427787e-02
3.893194726679666928e+01,2.807777997101466513e-02
3.912840013262869832e+01,2.745725192312850269e-02
3.932485299846074156e+01,2.685344311240929482e-02
3.952130586429277059e+01,2.626582288702388260e-02
3.971775873012479963e+01,2.569387995720806908e-02
3.991421159595683577e+01,2.513712159775757793e-02
4.011066446178887190e+01,2.459507288708105352e-02
4.030711732762090094e+01,2.406727598097035264e-02
4.050357019345293708e+01,2.355328941934489023e-02
4.070002305928497321e+01,2.305268746432240570e-02
4.089647592511700225e+01,2.256505946805775764e-02
4.109292879094903128e+01,2.209000926887642186e-02
4.128938165678106742e+01,2.162715461430882169e-02
4.148583452261310356e+01,2.117612660970625074e-02
4.168228738844513259e+01,2.073656919118990055e-02
4.187874025427716873e+01,2.030813862175091106e-02
4.207519312010920487e+01,1.989050300938218288e-02
4.227164598594123390e+01,1.948334184618130335e-02
4.246809885177327004e+01,1.908634556741993851e-02
4.266455171760529907e+01,1.869921512962768526e-02
4.286100458343733521e+01,1.832166160678728659e-02
4.305745744926937135e+01,1.795340580378573456e-02
4.325391031510140039e+01,1.759417788630905297e-02
4.345036318093343652e+01,1.724371702641080972e-02
4.364681604676546556e+01,1.690177106302361357e-02
4.384326891259750170e+01,1.656809617671971269e-02
4.403972177842953073e+01,1.624245657806254808e-02
4.423617464426156687e+01,1.592462420892355734e-02
4.443262751009360301e+01,1.561437845617066889e-02
4.462908037592563204e+01,1.531150587716402674e-02
4.482553324175766818e+01,1.501579993652281397e-02
4.502198610758969721e+01,1.472706075365374720e-02
4.521843897342173335e+01,1.444509486055647017e-02
4.541489183925376949e+01,1.416971496944553939e-02
4.561134470508579852e+01,1.390073974975056942e-02
4.580779757091783466e+01,1.363799361407788506e-02
4.600425043674986370e+01,1.338130651273714868e-02
4.620070330258189983e+01,1.313051373645531504e-02
4.639715616841393597e+01,1.288545572691891621e-02
4.659360903424596501e+01,1.264597789480232867e-02
4.679006190007800114e+01,1.241193044495639101e-02
4.698651476591003018e+01,1.218316820844710623e-02
4.718296763174206632e+01,1.195955048114865499e-02
4.737942049757409535e+01,1.174094086860920892e-02
4.757587336340613149e+01,1.152720713692082996e-02
4.777232622923816763e+01,1.131822106933775759e-02
4.796877909507019666e+01,1.111385832839881932e-02
4.816523196090223280e+01,1.091399832332133960e-02
4.836168482673426183e+01,1.071852408244459640e-02
4.855813769256629797e+01,1.052732213051087856e-02
4.875459055839833411e+01,1.034028237058222562e-02
4.895104342423036314e+01,1.015729797039984818e-02
4.914749629006239928e+01,9.978265253002108898e-03
4.934394915589442832e+01,9.803083591425391929e-03
4.954040202172646445e+01,9.631655307319785322e-03
4.973685488755850059e+01,9.463885573319457886e-03
4.993330775339052963e+01,9.299682319014372298e-03
5.012976061922256577e+01,9.138956140377079915e-03
5.032621348505459480e+01,8.981620212504750830e-03
5.052266635088663094e+01,8.827590205542665963e-03
5.071911921671866708e+01,8.676784203661507683e-03
5.091557208255069611e+01,8.529122626966119738e-03
5.111202494838273225e+01,8.384528156218972253e-03
5.130847781421476128e+01,8.242925660266561816e-03
5.150493068004679742e+01,8.104242126061721174e-03
5.170138354587882645e+01,7.968406591179706677e-03
5.189783641171086259e+01,7.835350078729942311e-03
5.209428927754289873e+01,7.705005534569925665e-03
5.229074214337492776e+01,7.577307766731408538e-03
5.248719500920696390e+01,7.452193386973059684e-03
5.268364787503899294e+01,7.329600754377367348e-03
5.288010074087102907e+01,7.209469920912905429e-03
5.307655360670306521e+01,7.091742578886632911e-03
5.327300647253509425e+01,6.976362010213807939e-03
5.346945933836713039e+01,6.863273037436300184e-03
5.366591220419915942e+01,6.752421976422914515e-03
5.386236507003119556e+01,6.643756590688001777e-03
5.405881793586323170e+01,6.537226047267463529e-03
5.425527080169526073e+01,6.432780874093534454e-03
5.445172366752729687e+01,6.330372918812277039e-03
5.464817653335932590e+01,6.229955308990037244e-03
5.484462939919136204e+01,6.131482413657121308e-03
5.504108226502339107e+01,6.034909806139305243e-03
5.523753513085542721e+01,5.940194228129521553e-03
5.543398799668746335e+01,5.847293554954234411e-03
5.563044086251949238e+01,5.756166761990650325e-03
5.582689372835152852e+01,5.666773892192750184e-03
5.602334659418355756e+01,5.579076024685850239e-03
5.621979946001559370e+01,5.493035244390854187e-03
5.641625232584762983e+01,5.408614612641081919e-03
5.661270519167965887e+01,5.325778138755854658e-03
5.680915805751169501e+01,5.244490752536531443e-03
5.700561092334372404e+01,5.164718277652039814e-03
5.720206378917576018e+01,5.086427405882106706e-03
5.739851665500779632e+01,5.009585672187832732e-03
5.759496952083982535e+01,4.934161430580232335e-03
5.779142238667186149e+01,4.860123830758617328e-03
5.798787525250389052e+01,4.787442795491793357e-03
5.818432811833592666e+01,4.716088998715946105e-03
5.838078098416796280e+01,4.646033844324303115e-03
5.857723384999999183e+01,4.577249445624367516e-03
5.877368671583202797e+01,4.509708605439657902e-03
5.897013958166405700e+01,4.443384796833626735e-03
5.916659244749609314e+01,4.378252144434297000e-03
5.936304531332812218e+01,4.314285406339032035e-03
5.955949817916015832e+01,4.251459956579505678e-03
5.975595104499219445e+01,4.189751768127832413e-03
5.995240391082422349e+01,4.129137396425377506e-03
6.014885677665625963e+01,4.069593963416561627e-03
6.034530964248828866e+01,4.011099142070605889e-03
6.054176250832032480e+01,3.953631141374727882e-03
6.073821537415236094e+01,3.897168691783027029e-03
6.093466823998438997e+01,3.841691031105738587e-03
6.113112110581642611e+01,3.787177890824207447e-03
6.132757397164845514e+01,3.733609482817421606e-03
6.152402683748049128e+01,3.680966486486422252e-03
6.172047970331252742e+01,3.629230036263501099e-03
6.191693256914455645e+01,3.578381709493450372e-03
6.211338543497659259e+01,3.528403514674680313e-03
6.230983830080862163e+01,3.479277880048431502e-03
6.250629116664065776e+01,3.430987642524677920e-03
6.270274403247268680e+01,3.383516036933828866e-03
6.289919689830472294e+01,3.336846685593597168e-03
6.309564976413675907e+01,3.290963588180906372e-03
6.329210262996878811e+01,3.245851111898958967e-03
6.348855549580082425e+01,3.201493981929995781e-03
6.368500836163285328e+01,3.157877272164617138e-03
6.388146122746488942e+01,3.114986396198784861e-03
6.407791409329692556e+01,3.072807098590039660e-03
6.427436695912895459e+01,3.031325446364657554e-03
6.447081982496098362e+01,2.990527820767830205e-03
6.466727269079302687e+01,2.950400909249197359e-03
6.486372555662505590e+01,2.910931697676335823e-03
6.506017842245708493e+01,2.872107462769019331e-03
6.525663128828912818e+01,2.833915764747403643e-03
6.545308415412115721e+01,2.796344440187434766e-03
6.564953701995318625e+01,2.759381595077019765e-03
6.584598988578522949e+01,2.723015598066791474e-03
6.604244275161725852e+01,2.687235073909419441e-03
6.623889561744928756e+01,2.652028897081650568e-03
6.643534848328133080e+01,2.617386185583498413e-03
6.663180134911334562e+01,2.583296294909148000e-03
6.682825421494538887e+01,2.549748812184283054e-03
6.702470708077741790e+01,2.516733550464875669e-03
6.722115994660944693e+01,2.484240543192408994e-03
6.741761281244149018e+01,2.452260038800896901e-03
6.761406567827351921e+01,2.420782495471081926e-03
6.781051854410554824e+01,2.389798576027359327e-03
6.800697140993759149e+01,2.359299142973191477e-03
6.820342427576962052e+01,2.329275253660844074e-03
6.839987714160164956e+01,2.299718155591417429e-03
6.859633000743369280e+01,2.270619281841335189e-03
6.879278287326572183e+01,2.241970246611524852e-03
6.898923573909775087e+01,2.213762840895627197e-03
6.918568860492979411e+01,2.185989028263784703e-03
6.938214147076182314e+01,2.158640940758559459e-03
6.957859433659385218e+01,2.131710874899706270e-03
6.977504720242589542e+01,2.105191287794624683e-03
6.997150006825791024e+01,2.079074793351409073e-03
7.016795293408995349e+01,2.053354158591472710e-03
7.036440579992198252e+01,2.028022300058940353e-03
7.056085866575401155e+01,2.003072280323908889e-03
7.075731153158605480e+01,1.978497304576947065e-03
7.095376439741808383e+01,1.954290717312177125e-03
7.115021726325011286e+01,1.930445999096390506e-03
7.134667012908215611e+01,1.906956763421753997e-03
7.154312299491418514e+01,1.883816753639718953e-03
7.173957586074621418e+01,1.861019839973801450e-03
7.193602872657825742e+01,1.838560016609025504e-03
7.213248159241028645e+01,1.816431398855845999e-03
7.232893445824231549e+01,1.794628220386434731e-03
7.252538732407435873e+01,1.773144830541322284e-03
7.272184018990638776e+01,1.751975691704402757e-03
7.291829305573841680e+01,1.731115376744378617e-03
7.311474592157046004e+01,1.710558566520815546e-03
7.331119878740247486e+01,1.690300047452993407e-03
7.350765165323451811e+01,1.670334709149793023e-03
7.370410451906656135e+01,1.650657542098975554e-03
7.390055738489857617e+01,1.631263635414158556e-03
7.409701025073061942e+01,1.612148174637925962e-03
7.429346311656264845e+01,1.593306439599549316e-03
7.448991598239467748e+01,1.574733802325773780e-03
7.468636884822672073e+01,1.556425725003263106e-03
7.488282171405874976e+01,1.538377757991277227e-03
7.507927457989077880e+01,1.520585537883207021e-03
7.527572744572282204e+01,1.503044785615661322e-03
7.547218031155485107e+01,1.485751304623810333e-03
7.566863317738688011e+01,1.468700979041726463e-03
7.586508604321892335e+01,1.451889771946530397e-03
7.606153890905095238e+01,1.435313723645160631e-03
7.625799177488298142e+01,1.418968950002609400e-03
7.645444464071501045e+01,1.402851640810543832e-03
7.665089750654705369e+01,1.386958058195214907e-03
7.684735037237908273e+01,1.371284535063627043e-03
7.704380323821111176e+01,1.355827473586932461e-03
7.724025610404315501e+01,1.340583343720091894e-03
7.743670896987518404e+01,1.325548681756830421e-03
7.763316183570721307e+01,1.310720088918955126e-03
7.782961470153924211e+01,1.296094229979149028e-03
7.802606756737128535e+01,1.281667831916352002e-03
7.822252043320331438e+01,1.267437682602888223e-03
7.841897329903534342e+01,1.253400629522495764e-03
7.861542616486738666e+01,1.239553578518479875e-03
7.881187903069941569e+01,1.225893492571194154e-03
7.900833189653144473e+01,1.212417390604086974e-03
7.920478476236348797e+01,1.199122346317592824e-03
7.940123762819551700e+01,1.186005487050143014e-03
7.959769049402754604e+01,1.173063992665593401e-03
7.979414335985957507e+01,1.160295094466406692e-03
7.999059622569161832e+01,1.147696074131924690e-03
8.018704909152364735e+01,1.135264262681092134e-03
8.038350195735567638e+01,1.122997039459005001e-03
8.057995482318771963e+01,1.110891831146692621e-03
8.077640768901974866e+01,1.098946110793537490e-03
8.097286055485177769e+01,1.087157396871757950e-03
8.116931342068380673e+01,1.075523252352409039e-03
8.136576628651584997e+01,1.064041283802352874e-03
8.156221915234787900e+01,1.052709140501681016e-03
8.175867201817990804e+01,1.041524513581065532e-03
8.195512488401195128e+01,1.030485135178556538e-03
8.215157774984398031e+01,1.019588777615336797e-03
8.234803061567600935e+01,1.008833252589955241e-03
8.254448348150805259e+01,9.982164103905966264e-04
8.274093634734008162e+01,9.877361391249341385e-04
8.293738921317211066e+01,9.773903639671273434e-04
8.313384207900413969e+01,9.671770464215553474e-04
8.333029494483618294e+01,9.570941836028660056e-04
8.352674781066821197e+01,9.471398075319486989e-04
8.372320067650024100e+01,9.373119844474316932e-04
8.391965354233228425e+01,9.276088141323413083e-04
8.411610640816431328e+01,9.180284292555435316e-04
8.431255927399634231e+01,9.085689947276097498e-04
8.450901213982837135e+01,8.992287070707665917e-04
8.470546500566041459e+01,8.900057938025812037e-04
8.490191787149244362e+01,8.808985128330589724e-04
8.509837073732447266e+01,8.719051518748209550e-04
8.529482360315651590e+01,8.630240278660622098e-04
8.549127646898854493e+01,8.542534864059754150e-04
8.568772933482057397e+01,8.455919012023421647e-04
8.588418220065261721e+01,8.370376735310092881e-04
8.608063506648464625e+01,8.285892317069658069e-04
8.627708793231667528e+01,8.202450305667383134e-04
8.647354079814870431e+01,8.120035509618498716e-04
8.666999366398074756e+01,8.038632992630713936e-04
8.686644652981277659e+01,7.958228068752196994e-04
8.706289939564480562e+01,7.878806297622444402e-04
8.725935226147684887e+01,7.800353479823745727e-04
8.745580512730887790e+01,7.722855652330838042e-04
8.765225799314090693e+01,7.646299084056420092e-04
8.784871085897293597e+01,7.570670271490387076e-04
8.804516372480497921e+01,7.495955934430537397e-04
8.824161659063700824e+01,7.422143011802693558e-04
8.843806945646903728e+01,7.349218657568079658e-04
8.863452232230108052e+01,7.277170236716061372e-04
8.883097518813310955e+01,7.205985321340213374e-04
8.902742805396513859e+01,7.135651686795779986e-04
8.922388091979718183e+01,7.066157307936739036e-04
8.942033378562921087e+01,6.997490355430619272e-04
8.961678665146123990e+01,6.929639192149233615e-04
8.981323951729326893e+01,6.862592369633727964e-04
9.000969238312531218e+01,6.796338624632129516e-04
9.020614524895734121e+01,6.730866875707875634e-04
9.040259811478937024e+01,6.666166219917579868e-04
9.059905098062141349e+01,6.602225929556601808e-04
9.079550384645344252e+01,6.539035448970846511e-04
9.099195671228547155e+01,6.476584391433250687e-04
9.118840957811751480e+01,6.414862536083605800e-04
9.138486244394954383e+01,6.353859824930247922e-04
9.158131530978157286e+01,6.293566359912200524e-04
9.177776817561360190e+01,6.233972400020509289e-04
9.197422104144564514e+01,6.175068358477377910e-04
9.217067390727767418e+01,6.116844799971881894e-04
9.236712677310970321e+01,6.059292437950935476e-04
9.256357963894174645e+01,6.002402131964367817e-04
9.276003250477377549e+01,5.946164885062903919e-04
9.295648537060580452e+01,5.890571841247803451e-04
9.315293823643783355e+01,5.835614282971153489e-04
9.334939110226987680e+01,5.781283628685604135e-04
9.354584396810190583e+01,5.727571430442534358e-04
9.374229683393393486e+01,5.674469371537517242e-04
9.393874969976597811e+01,5.621969264202143551e-04
9.413520256559800714e+01,5.570063047341147593e-04
9.433165543143003617e+01,5.518742784313830337e-04
9.452810829726207942e+01,5.468000660758880974e-04
9.472456116309410845e+01,5.417828982461641739e-04
9.492101402892613748e+01,5.368220173262854304e-04
9.511746689475816652e+01,5.319166773008064848e-04
9.531391976059020976e+01,5.270661435536774884e-04
9.551037262642223880e+01,5.222696926710514945e-04
9.570682549225426783e+01,5.175266122478957512e-04
9.590327835808631107e+01,5.128362006983328654e-04
9.609973122391834011e+01,5.081977670696287896e-04
9.629618408975036914e+01,5.036106308597474010e-04
9.649263695558239817e+01,4.990741218384034741e-04
9.668908982141444142e+01,4.945875798715326267e-04
9.688554268724647045e+01,4.901503547491123164e-04
9.708199555307849948e+01,4.857618060162571284e-04
9.727844841891054273e+01,4.814213028075251454e-04
9.747490128474257176e+01,4.771282236843663884e-04
9.767135415057460079e+01,4.728819564756443208e-04
9.786780701640664404e+01,4.686818981211710012e-04
9.806425988223867307e+01,4.645274545181915906e-04
9.826071274807070210e+01,4.604180403707531090e-04
9.845716561390273114e+01,4.563530790419042605e-04
9.865361847973477438e+01,4.523320024086614917e-04
9.885007134556680342e+01,4.483542507196897303e-04
9.904652421139883245e+01,4.444192724556342679e-04
9.924297707723087569e+01,4.405265241920577109e-04
9.943942994306290473e+01,4.366754704649237757e-04
9.963588280889493376e+01,4.328655836385736648e-04
9.983233567472696279e+01,4.290963437761497585e-04
1.000287885405590060e+02,4.253672385124118694e-04
1.002252414063910351e+02,4.216777629289001988e-04
1.004216942722230641e+02,4.180274194313936568e-04
1.006181471380551073e+02,4.144157176296212096e-04
1.008146000038871364e+02,4.108421742191789810e-04
1.010110528697191654e+02,4.073063128656051338e-04
1.012075057355512087e+02,4.038076640905750164e-04
1.014039586013832377e+02,4.003457651601695757e-04
1.016004114672152667e+02,3.969201599751752928e-04
1.017968643330472958e+02,3.935303989633774256e-04
1.019933171988793390e+02,3.901760389738048685e-04
1.021897700647113680e+02,3.868566431728879791e-04
1.023862229305433971e+02,3.835717809424897973e-04
1.025826757963754403e+02,3.803210277797763428e-04
1.027791286622074693e+02,3.771039651988875008e-04
1.029755815280394984e+02,3.739201806343710925e-04
1.031720343938715274e+02,3.707692673463492284e-04
1.033684872597035707e+02,3.676508243273792702e-04
1.035649401255355997e+02,3.645644562109782300e-04
1.037613929913676287e+02,3.615097731817748278e-04
1.039578458571996720e+02,3.584863908872611268e-04
1.041542987230317010e+02,3.554939303511100274e-04
1.043507515888637300e+02,3.525320178880269619e-04
1.045472044546957733e+02,3.496002850201082503e-04
1.047436573205278023e+02,3.466983683946764112e-04
1.049401101863598313e+02,3.438259097035601709e-04
1.051365630521918604e+02,3.409825556037965680e-04
1.053330159180239036e+02,3.381679576397226238e-04
1.055294687838559327e+02,3.353817721664338137e-04
1.057259216496879617e+02,3.326236602745781664e-04
1.059223745155200049e+02,3.298932877164651215e-04
1.061188273813520340e+02,3.271903248334612799e-04
1.063152802471840630e+02,3.245144464846470823e-04
1.065117331130161062e+02,3.218653319767133809e-04
1.067081859788481353e+02,3.192426649950724261e-04
1.069046388446801643e+02,3.166461335361585479e-04
1.071010917105121933e+02,3.140754298408991794e-04
1.072975445763442366e+02,3.115302503293310155e-04
1.074939974421762656e+02,3.090102955363418428e-04
1.076904503080082947e+02,3.065152700485135957e-04
1.078869031738403379e+02,3.040448824420491250e-04
1.080833560396723669e+02,3.015988452217610517e-04
1.082798089055043960e+02,2.991768747611004797e-04
1.084762617713364250e+02,2.967786912432092482e-04
1.086727146371684682e+02,2.944040186029747469e-04
1.088691675030004973e+02,2.920525844700689699e-04
1.090656203688325263e+02,2.897241201129516957e-04
1.092620732346645696e+02,2.874183603838230492e-04
1.094585261004965986e+02,2.851350436645052255e-04
1.096549789663286276e+02,2.828739118132354846e-04
1.098514318321606709e+02,2.806347101123562158e-04
1.100478846979926999e+02,2.784171872168833680e-04
1.102443375638247289e+02,2.762210951039366044e-04
1.104407904296567580e+02,2.740461890230171398e-04
1.106372432954888012e+02,2.718922274471154816e-04
1.108336961613208302e+02,2.697589720246360619e-04
1.110301490271528593e+02,2.676461875321208732e-04
1.112266018929849025e+02,2.655536418277596377e-04
1.114230547588169316e+02,2.634811058056725258e-04
1.116195076246489606e+02,2.614283533509477496e-04
1.118159604904809896e+02,2.593951612954247085e-04
1.120124133563130329e+02,2.573813093742061521e-04
1.122088662221450619e+02,2.553865801828873261e-04
1.124053190879770909e+02,2.534107591354876269e-04
1.126017719538091342e+02,2.514536344230741400e-04
1.127982248196411632e+02,2.495149969730635635e-04
1.129946776854731922e+02,2.475946404091883680e-04
1.131911305513052355e+02,2.456923610121190078e-04
1.133875834171372645e+02,2.438079576807274096e-04
1.135840362829692936e+02,2.419412318939801398e-04
1.137804891488013226e+02,2.400919876734524121e-04
1.139769420146333658e+02,2.382600315464490593e-04
1.141733948804653949e+02,2.364451725097237676e-04
1.143698477462974239e+02,2.346472219937833462e-04
1.145663006121294671e+02,2.328659938277696871e-04
1.147627534779614962e+02,2.311013042049070280e-04
1.149592063437935252e+02,2.293529716485042183e-04
1.151556592096255542e+02,2.276208169785040190e-04
1.153521120754575975e+02,2.259046632785677820e-04
1.155485649412896265e+02,2.242043358636877832e-04
1.157450178071216556e+02,2.225196622483156090e-04
1.159414706729536988e+02,2.208504721150000361e-04
1.161379235387857278e+02,2.191965972835241601e-04
1.163343764046177569e+02,2.175578716805320130e-04
1.165308292704498001e+02,2.159341313096383840e-04
1.167272821362818291e+02,2.143252142220120017e-04
1.169237350021138582e+02,2.127309604874227282e-04
1.171201878679458872e+02,2.111512121657476153e-04
1.173166407337779304e+02,2.095858132789246535e-04
1.175130935996099595e+02,2.080346097833490394e-04
1.177095464654419885e+02,2.064974495427018765e-04
1.179059993312740318e+02,2.049741823012059434e-04
1.181024521971060608e+02,2.034646596573001537e-04
1.182989050629380898e+02,2.019687350377247931e-04
1.184953579287701331e+02,2.004862636720118954e-04
1.186918107946021621e+02,1.990171025673732235e-04
1.188882636604341911e+02,1.975611104839778028e-04
1.190847165262662202e+02,1.961181479106145103e-04
1.192811693920982634e+02,1.946880770407312335e-04
1.194776222579302924e+02,1.932707617488456668e-04
1.196740751237623215e+02,1.918660675673194516e-04
1.198705279895943647e+02,1.904738616634915930e-04
1.200669808554263938e+02,1.890940128171641891e-04
1.202634337212584228e+02,1.877263913984332337e-04
1.204598865870904518e+02,1.863708693458609978e-04
1.206563394529224951e+02,1.850273201449821278e-04
1.208527923187545241e+02,1.836956188071395312e-04
1.210492451845865531e+02,1.823756418486423790e-04
1.212456980504185964e+02,1.810672672702429717e-04
1.214421509162506254e+02,1.797703745369261534e-04
1.216386037820826544e+02,1.784848445580051221e-04
1.218350566479146977e+02,1.772105596675201654e-04
1.220315095137467267e+02,1.759474036049346851e-04
1.222279623795787558e+02,1.746952614961220585e-04
1.224244152454107848e+02,1.734540198346411146e-04
1.226208681112428280e+02,1.722235664632929875e-04
1.228173209770748571e+02,1.710037905559567192e-04
1.230137738429068861e+02,1.697945825996967242e-04
1.232102267087389293e+02,1.685958343771396266e-04
1.234066795745709584e+02,1.674074389491154503e-04
1.236031324404029874e+02,1.662292906375575560e-04
1.237995853062350164e+02,1.650612850086588827e-04
1.239960381720670597e+02,1.639033188562791005e-04
1.241924910378990887e+02,1.627552901855992059e-04
1.243889439037311178e+02,1.616170981970183279e-04
1.245853967695631610e+02,1.604886432702904136e-04
1.247818496353951900e+02,1.593698269488959686e-04
1.249783025012272191e+02,1.582605519246443263e-04
1.251747553670592623e+02,1.571607220225042776e-04
1.253712082328912913e+02,1.560702421856583161e-04
1.255676610987233204e+02,1.549890184607764082e-04
1.257641139645553494e+02,1.539169579835070916e-04
1.259605668303873927e+02,1.528539689641812119e-04
1.261570196962194217e+02,1.517999606737255617e-04
1.263534725620514507e+02,1.507548434297820844e-04
1.265499254278834940e+02,1.497185285830306633e-04
1.267463782937155230e+02,1.486909285037112962e-04
1.269428311595475520e+02,1.476719565683422665e-04
1.271392840253795811e+02,1.466615271466320070e-04
1.273357368912116243e+02,1.456595555885806714e-04
1.275321897570436533e+02,1.446659582117695180e-04
1.277286426228756824e+02,1.436806522888331157e-04
1.279250954887077256e+02,1.427035560351137507e-04
1.281215483545397547e+02,1.417345885964940223e-04
1.283180012203717979e+02,1.407736700374036688e-04
1.285144540862038411e+02,1.398207213290007616e-04
1.287109069520358560e+02,1.388756643375213019e-04
1.289073598178678708e+02,1.379384218127963546e-04
1.291038126836999140e+02,1.370089173769341155e-04
1.293002655495319573e+02,1.360870755131638507e-04
1.294967184153640005e+02,1.351728215548385088e-04
1.296931712811960153e+02,1.342660816745949487e-04
1.298896241470280586e+02,1.333667828736676908e-04
1.300860770128600734e+02,1.324748529713558386e-04
1.302825298786921167e+02,1.315902205946381021e-04
1.304789827445241599e+02,1.307128151679365206e-04
1.306754356103562031e+02,1.298425669030236508e-04
1.308718884761882180e+02,1.289794067890737118e-04
1.310683413420202328e+02,1.281232665828528584e-04
1.312647942078522760e+02,1.272740787990485594e-04
1.314612470736843193e+02,1.264317767007353671e-04
1.316576999395163625e+02,1.255962942899734210e-04
1.318541528053484058e+02,1.247675662985397928e-04
1.320506056711804206e+02,1.239455281787895302e-04
1.322470585370124354e+02,1.231301160946440929e-04
1.324435114028444787e+02,1.223212669127059639e-04
1.326399642686765219e+02,1.215189181934977537e-04
1.328364171345085651e+02,1.207230081828220036e-04
1.330328700003405800e+02,1.199334758032423784e-04
1.332293228661726232e+02,1.191502606456819270e-04
1.334257757320046380e+02,1.183733029611394518e-04
1.336222285978366813e+02,1.176025436525186634e-04
1.338186814636687245e+02,1.168379242665719620e-04
1.340151343295007678e+02,1.160793869859542521e-04
1.342115871953327826e+02,1.153268746213869793e-04
1.344080400611647974e+02,1.145803306039293822e-04
1.346044929269968407e+02,1.138396989773565775e-04
1.348009457928288839e+02,1.131049243906421229e-04
1.349973986586609271e+02,1.123759520905432801e-04
1.351938515244929704e+02,1.116527279142878271e-04
1.353903043903249852e+02,1.109351982823611189e-04
1.355867572561570000e+02,1.102233101913910242e-04
1.357832101219890433e+02,1.095170112071301830e-04
1.359796629878210865e+02,1.088162494575339173e-04
1.361761158536531298e+02,1.081209736259316286e-04
1.363725687194851446e+02,1.074311329442911774e-04
1.365690215853171878e+02,1.067466771865742018e-04
1.367654744511492027e+02,1.060675566621820744e-04
1.369619273169812459e+02,1.053937222094891647e-04
1.371583801828132891e+02,1.047251251894646274e-04
1.373548330486453324e+02,1.040617174793791232e-04
1.375512859144773472e+02,1.034034514665966637e-04
1.377477387803093620e+02,1.027502800424495201e-04
1.379441916461414053e+02,1.021021565961955030e-04
1.381406445119734485e+02,1.014590350090564640e-04
1.383370973778054918e+02,1.008208696483357120e-04
1.385335502436375350e+02,1.001876153616147134e-04
1.387300031094695214e+02,9.955922747102698633e-05
1.389264559753015646e+02,9.893566176760749660e-05
1.391229088411336079e+02,9.831687450571892329e-05
1.393193617069656511e+02,9.770282239755021371e-05
1.395158145727976944e+02,9.709346260768891824e-05
1.397122674386297376e+02,9.648875274776519092e-05
1.399087203044617240e+02,9.588865087116692730e-05
1.401051731702937673e+02,9.529311546782366779e-05
1.403016260361258105e+02,9.470210545906112317e-05
1.404980789019578538e+02,9.411558019252159264e-05
1.406945317677898970e+02,9.353349943715223919e-05
1.408909846336219402e+02,9.295582337825875605e-05
1.410874374994539266e+02,9.238251261262436982e-05
1.412838903652859699e+02,9.181352814369152400e-05
1.414803432311180131e+02,9.124883137680868254e-05
1.416767960969500564e+02,9.068838411453713025e-05
1.418732489627820996e+02,9.013214855202014209e-05
1.420697018286140860e+02,8.958008727241220366e-05
1.422661546944461293e+02,8.903216324236699539e-05
1.424626075602781725e+02,8.848833980758557714e-05
1.426590604261102158e+02,8.794858068842065311e-05
1.428555132919422590e+02,8.741284997553858409e-05
1.430519661577743022e+02,8.688111212563737163e-05
1.432484190236062886e+02,8.635333195722008561e-05
1.434448718894383319e+02,8.582947464642202756e-05
1.436413247552703751e+02,8.530950572289314768e-05
1.438377776211024184e+02,8.479339106573198850e-05
1.440342304869344616e+02,8.428109689947252414e-05
1.442306833527665049e+02,8.377258979012237709e-05
1.444271362185984913e+02,8.326783664125189774e-05
1.446235890844305345e+02,8.276680469013261569e-05
1.448200419502625778e+02,8.226946150392641817e-05
1.450164948160946210e+02,8.177577497592191844e-05
1.452129476819266642e+02,8.128571332181945054e-05
1.454094005477586506e+02,8.079924507606345730e-05
1.456058534135906939e+02,8.031633908822065880e-05
1.458023062794227371e+02,7.983696451940564107e-05
1.459987591452547804e+02,7.936109083875030079e-05
1.461952120110868236e+02,7.888868781991871808e-05
1.463916648769188669e+02,7.841972553766595301e-05
1.465881177427508533e+02,7.795417436444033218e-05
1.467845706085828965e+02,7.749200496702792428e-05
1.469810234744149398e+02,7.703318830324066841e-05
1.471774763402469830e+02,7.657769561864471270e-05
1.473739292060790262e+02,7.612549844333049470e-05
1.475703820719110695e+02,7.567656858872330323e-05
1.477668349377430559e+02,7.523087814443369813e-05
1.479632878035750991e+02,7.478839947514690715e-05
1.481597406694071424e+02,7.434910521755216212e-05
1.483561935352391856e+02,7.391296827730918257e-05
1.485526464010712289e+02,7.347996182605299944e-05
1.487490992669032153e+02,7.305005929843604831e-05
1.489455521327352585e+02,7.262323438920644783e-05
1.491420049985673018e+02,7.219946105032368309e-05
1.493384578643993450e+02,7.177871348810882090e-05
1.495349107302313882e+02,7.136096616043063922e-05
1.497313635960634315e+02,7.094619377392636977e-05
1.499278164618954179e+02,7.053437128125679629e-05
1.501242693277274611e+02,7.012547387839480038e-05
1.503207221935595044e+02,6.971947700194818182e-05
1.505171750593915476e+02,6.931635632651448979e-05
1.507136279252235909e+02,6.891608776206862425e-05
1.509100807910556341e+02,6.851864745138269220e-05
1.511065336568876205e+02,6.812401176747727883e-05
1.513029865227196638e+02,6.773215731110342858e-05
1.514994393885517070e+02,6.734306090825658317e-05
1.516958922543837502e+02,6.695669960771963032e-05
1.518923451202157935e+02,6.657305067863641870e-05
1.520887979860477799e+02,6.619209160811491215e-05
1.522852508518798231e+02,6.581380009885881783e-05
1.524817037177118664e+02,6.543815406682904339e-05
1.526781565835439096e+02,6.506513163893251682e-05
1.528746094493759529e+02,6.469471115073938518e-05
1.530710623152079961e+02,6.432687114422779278e-05
1.532675151810399825e+02,6.396159036555598123e-05
1.534639680468720258e+02,6.359884776286068144e-05
1.536604209127040690e+02,6.323862248408311201e-05
1.538568737785361122e+02,6.288089387482007704e-05
1.540533266443681555e+02,6.252564147620135577e-05
1.542497795102001987e+02,6.217284502279247604e-05
1.544462323760321851e+02,6.182248444052279048e-05
1.546426852418642284e+02,6.147453984463768957e-05
1.548391381076962716e+02,6.112899153767638847e-05
1.550355909735283149e+02,6.078582000747289536e-05
1.552320438393603581e+02,6.044500592518117782e-05
1.554284967051923445e+02,6.010653014332393776e-05
1.556249495710243878e+02,5.977037369386409358e-05
1.558214024368564310e+02,5.943651778630007411e-05
1.560178553026884742e+02,5.910494380578281695e-05
1.562143081685205175e+02,5.877563331125549434e-05
1.564107610343525607e+02,5.844856803361516036e-05
1.566072139001845471e+02,5.812372987389627176e-05
1.568036667660165904e+02,5.780110090147506626e-05
1.570001196318486336e+02,5.748066335229619399e-05
1.571965724976806769e+02,5.716239962711911539e-05
1.573930253635127201e+02,5.684629228978572231e-05
1.575894782293447633e+02,5.653232406550815235e-05
1.577859310951767497e+02,5.622047783917681011e-05
1.579823839610087930e+02,5.591073665368766004e-05
1.581788368268408362e+02,5.560308370829011241e-05
1.583752896926728795e+02,5.529750235695321872e-05
1.585717425585049227e+02,5.499397610675146408e-05
1.587681954243369091e+02,5.469248861626931627e-05
1.589646482901689524e+02,5.439302369402392842e-05
1.591611011560009956e+02,5.409556529690701175e-05
1.593575540218330389e+02,5.380009752864404197e-05
1.595540068876650821e+02,5.350660463827163962e-05
1.597504597534971253e+02,5.321507101863259587e-05
1.599469126193291117e+02,5.292548120488835381e-05
1.601433654851611550e+02,5.263781987304826121e-05
1.603398183509931982e+02,5.235207183851667176e-05
1.605362712168252415e+02,5.206822205465586902e-05
1.607327240826572847e+02,5.178625561136607328e-05
1.609291769484893280e+02,5.150615773368163010e-05
1.611256298143213144e+02,5.122791378038336034e-05
1.613220826801533576e+02,5.095150924262653613e-05
1.615185355459854009e+02,5.067692974258526905e-05
1.617149884118174441e+02,5.040416103211170441e-05
1.619114412776494873e+02,5.013318899141084835e-05
1.621078941434814737e+02,4.986399962773062122e-05
1.623043470093135170e+02,4.959657907406637154e-05
1.625007998751455602e+02,4.933091358788095496e-05
1.626972527409776035e+02,4.906698954983862334e-05
1.628937056068096467e+02,4.880479346255362503e-05
1.630901584726416900e+02,4.854431194935301497e-05
1.632866113384736764e+02,4.828553175305343073e-05
1.634830642043057196e+02,4.802843973475152267e-05
1.636795170701377629e+02,4.777302287262860750e-05
1.638759699359698061e+02,4.751926826076823739e-05
1.640724228018018493e+02,4.726716310798738255e-05
1.642688756676338926e+02,4.701669473668075989e-05
1.644653285334658790e+02,4.676785058167821940e-05
1.646617813992979222e+02,4.652061818911457856e-05
1.648582342651299655e+02,4.627498521531294838e-05
1.650546871309620087e+02,4.603093942567976872e-05
1.652511399967940520e+02,4.578846869361264397e-05
1.654475928626260384e+02,4.554756099942036256e-05
1.656440457284580816e+02,4.530820442925461220e-05
1.658404985942901249e+02,4.507038717405442095e-05
1.660369514601221681e+02,4.483409752850149458e-05
1.662334043259542113e+02,4.459932388998767662e-05
1.664298571917862546e+02,4.436605475759379931e-05
1.666263100576182410e+02,4.413427873107984416e-05
1.668227629234502842e+02,4.390398450988610037e-05
1.670192157892823275e+02,4.367516089214599194e-05
1.672156686551143707e+02,4.344779677370915735e-05
1.674121215209464140e+02,4.322188114717570324e-05
1.676085743867784572e+02,4.299740310094100193e-05
1.678050272526104436e+02,4.277435181825115488e-05
1.680014801184424869e+02,4.255271657626846457e-05
1.681979329842745301e+02,4.233248674514791110e-05
1.683943858501065733e+02,4.211365178712306816e-05
1.685908387159386166e+02,4.189620125560241369e-05
1.687872915817706598e+02,4.168012479427548651e-05
1.689837444476026462e+02,4.146541213622886857e-05
1.691801973134346895e+02,4.125205310307153867e-05
1.693766501792667327e+02,4.104003760407043134e-05
1.695731030450987760e+02,4.082935563529477768e-05
1.697695559109308192e+02,4.061999727877008885e-05
1.699660087767628056e+02,4.041195270164135532e-05
1.701624616425948489e+02,4.020521215534506872e-05
1.703589145084268921e+02,3.999976597479079832e-05
1.705553673742589353e+02,3.979560457755108193e-05
1.707518202400909786e+02,3.959271846306036989e-05
1.709482731059230218e+02,3.939109821182262236e-05
1.711447259717550082e+02,3.919073448462749896e-05
1.713411788375870515e+02,3.899161802177472723e-05
1.715376317034190947e+02,3.879373964230743623e-05
1.717340845692511380e+02,3.859709024325317435e-05
1.719305374350831812e+02,3.840166079887335679e-05
1.721269903009152245e+02,3.820744235992077682e-05
1.723234431667472109e+02,3.801442605290509944e-05
1.725198960325792541e+02,3.782260307936598519e-05
1.727163488984112973e+02,3.763196471515452155e-05
1.729128017642433406e+02,3.744250230972188471e-05
1.731092546300753838e+02,3.725420728541575333e-05
1.733057074959073702e+02,3.706707113678432529e-05
1.735021603617394135e+02,3.688108542988747661e-05
1.736986132275714567e+02,3.669624180161577408e-05
1.738950660934035000e+02,3.651253195901621668e-05
1.740915189592355432e+02,3.632994767862542416e-05
1.742879718250675865e+02,3.614848080580979159e-05
1.744844246908995729e+02,3.596812325411279288e-05
1.746808775567316161e+02,3.578886700460887760e-05
1.748773304225636593e+02,3.561070410526474036e-05
1.750737832883957026e+02,3.543362667030679051e-05
1.752702361542277458e+02,3.525762687959564201e-05
1.754666890200597891e+02,3.508269697800706110e-05
1.756631418858917755e+02,3.490882927481954792e-05
1.758595947517238187e+02,3.473601614310808456e-05
1.760560476175558620e+02,3.456425001914476772e-05
1.762525004833879052e+02,3.439352340180522842e-05
1.764489533492199484e+02,3.422382885198152968e-05
1.766454062150519349e+02,3.405515899200124426e-05
1.768418590808839781e+02,3.388750650505229216e-05
1.770383119467160213e+02,3.372086413461438504e-05
1.772347648125480646e+02,3.355522468389582379e-05
1.774312176783801078e+02,3.339058101527646940e-05
1.776276705442121511e+02,3.322692604975648707e-05
1.778241234100441375e+02,3.306425276641078252e-05
1.780205762758761807e+02,3.290255420184899475e-05
1.782170291417082240e+02,3.274182344968151287e-05
1.784134820075402672e+02,3.258205365999048716e-05
1.786099348733723104e+02,3.242323803880673534e-05
1.788063877392043537e+02,3.226536984759183956e-05
1.790028406050363401e+02,3.210844240272575244e-05
1.791992934708683833e+02,3.195244907499941755e-05
1.793957463367004266e+02,3.179738328911310230e-05
1.795921992025324698e+02,3.164323852317944710e-05
1.797886520683645131e+02,3.149000830823183388e-05
1.799851049341964995e+02,3.133768622773785712e-05
1.801815578000285427e+02,3.118626591711750446e-05
1.803780106658605860e+02,3.103574106326679885e-05
1.805744635316926292e+02,3.088610540408583187e-05
1.807709163975246724e+02,3.073735272801183166e-05
1.809673692633567157e+02,3.058947687355705568e-05
1.811638221291887021e+02,3.044247172885133530e-05
1.813602749950207453e+02,3.029633123118915711e-05
1.815567278608527886e+02,3.015104936658173499e-05
1.817531807266848318e+02,3.000662016931327660e-05
1.819496335925168751e+02,2.986303772150189511e-05
1.821460864583489183e+02,2.972029615266504738e-05
1.823425393241809047e+02,2.957838963928929543e-05
1.825389921900129480e+02,2.943731240440437087e-05
1.827354450558449912e+02,2.929705871716181665e-05
1.829318979216770344e+02,2.915762289241761326e-05
1.831283507875090777e+02,2.901899929031912821e-05
1.833248036533410641e+02,2.888118231589631421e-05
1.835212565191731073e+02,2.874416641865675627e-05
1.837177093850051506e+02,2.860794609218526564e-05
1.839141622508371938e+02,2.847251587374706190e-05
1.841106151166692371e+02,2.833787034389516292e-05
1.843070679825012803e+02,2.820400412608166797e-05
1.845035208483332667e+02,2.807091188627298448e-05
1.846999737141653100e+02,2.793858833256873103e-05
1.848964265799973532e+02,2.780702821482480423e-05
1.850928794458293964e+02,2.767622632427987114e-05
1.852893323116614397e+02,2.754617749318577147e-05
1.854857851774934829e+02,2.741687659444156551e-05
1.856822380433254693e+02,2.728831854123124796e-05
1.858786909091575126e+02,2.716049828666493459e-05
1.860751437749895558e+02,2.703341082342394867e-05
1.862715966408215991e+02,2.690705118340907192e-05
1.864680495066536423e+02,2.678141443739248171e-05
1.866645023724856287e+02,2.665649569467312048e-05
1.868609552383176720e+02,2.653229010273534482e-05
1.870574081041497152e+02,2.640879284691123718e-05
1.872538609699817584e+02,2.628599915004597025e-05
1.874503138358138017e+02,2.616390427216660689e-05
1.876467667016458449e+02,2.604250351015416628e-05
1.878432195674778313e+02,2.592179219741891889e-05
1.880396724333098746e+02,2.580176570357874778e-05
1.882361252991419178e+02,2.568241943414096570e-05
1.884325781649739611e+02,2.556374883018698848e-05
1.886290310308060043e+02,2.544574936806018306e-05
1.888254838966380476e+02,2.532841655905682243e-05
1.890219367624700340e+02,2.521174594912004921e-05
1.892183896283020772e+02,2.509573311853668536e-05
1.894148424941341204e+02,2.498037368163734853e-05
1.896112953599661637e+02,2.486566328649915039e-05
1.898077482257982069e+02,2.475159761465144068e-05
1.900042010916301933e+02,2.463817238078447197e-05
1.902006539574622366e+02,2.452538333246067999e-05
1.903971068232942798e+02,2.441322624982913189e-05
1.905935596891263231e+02,2.430169694534240038e-05
1.907900125549583663e+02,2.419079126347638899e-05
1.909864654207904096e+02,2.408050508045276610e-05
1.911829182866223960e+02,2.397083430396421120e-05
1.913793711524544392e+02,2.386177487290207005e-05
1.915758240182864824e+02,2.375332275708702537e-05
1.917722768841185257e+02,2.364547395700202387e-05
1.919687297499505689e+02,2.353822450352793092e-05
1.921651826157826122e+02,2.343157045768171597e-05
1.923616354816145986e+02,2.332550791035717581e-05
1.925580883474466418e+02,2.322003298206800237e-05
1.927545412132786851e+02,2.311514182269362879e-05
1.929509940791107283e+02,2.301083061122720320e-05
1.931474469449427716e+02,2.290709555552613419e-05
1.933438998107747580e+02,2.280393289206500109e-05
1.935403526766068012e+02,2.270133888569072418e-05
1.937368055424388444e+02,2.259930982938034718e-05
1.939332584082708877e+02,2.249784204400080513e-05
1.941297112741029309e+02,2.239693187807119274e-05
1.943261641399349742e+02,2.229657570752721467e-05
1.945226170057669606e+02,2.219676993548794658e-05
1.947190698715990038e+02,2.209751099202463578e-05
1.949155227374310471e+02,2.199879533393200230e-05
1.951119756032630903e+02,2.190061944450142384e-05
1.953084284690951336e+02,2.180297983329642118e-05
1.955048813349271768e+02,2.170587303593021043e-05
1.957013342007591632e+02,2.160929561384542020e-05
1.958977870665912064e+02,2.151324415409574013e-05
1.960942399324232497e+02,2.141771526912991045e-05
1.962906927982552929e+02,2.132270559657744986e-05
1.964871456640873362e+02,2.122821179903658549e-05
1.966835985299193226e+02,2.113423056386413797e-05
1.968800513957513658e+02,2.104075860296725971e-05
1.970765042615834091e+02,2.094779265259741617e-05
1.972729571274154523e+02,2.085532947314599345e-05
1.974694099932474955e+02,2.076336584894200303e-05
1.976658628590795388e+02,2.067189858805162304e-05
1.978623157249115252e+02,2.058092452207963674e-05
1.980587685907435684e+02,2.049044050597262953e-05
1.982552214565756117e+02,2.040044341782424925e-05
1.984516743224076549e+02,2.031093015868204208e-05
1.986481271882396982e+02,2.022189765235621277e-05
1.988445800540717414e+02,2.013334284523015017e-05
1.990410329199037278e+02,2.004526270607272475e-05
1.992374857857357711e+02,1.995765422585219203e-05
1.994339386515678143e+02,1.987051441755213573e-05
1.996303915173998575e+02,1.978384031598878309e-05
1.998268443832319008e+02,1.969762897763020740e-05
2.000232972490638872e+02,1.961187748041715679e-05
2.002197501148959304e+02,1.952658292358545175e-05
2.004162029807279737e+02,1.944174242749025292e-05
2.006126558465600169e+02,1.935735313343168068e-05
2.008091087123920602e+02,1.927341220348222718e-05
2.010055615782241034e+02,1.918991682031566238e-05
2.012020144440560898e+02,1.910686418703760379e-05
2.013984673098881331e+02,1.902425152701746173e-05
2.015949201757201763e+02,1.894207608372222099e-05
2.017913730415522195e+02,1.886033512055147266e-05
2.019878259073842628e+02,1.877902592067409265e-05
2.021842787732163060e+02,1.869814578686640081e-05
2.023807316390482924e+02,1.861769204135179385e-05
2.025771845048803357e+02,1.853766202564176402e-05
2.027736373707123789e+02,1.845805310037856449e-05
2.029700902365444222e+02,1.837886264517912824e-05
2.031665431023764654e+02,1.830008805848044726e-05
2.033629959682084518e+02,1.822172675738646295e-05
2.035594488340404951e+02,1.814377617751613202e-05
2.037559016998725383e+02,1.806623377285316635e-05
2.039523545657045815e+02,1.798909701559689070e-05
2.041488074315366248e+02,1.791236339601456432e-05
2.043452602973686680e+02,1.783603042229502033e-05
2.045417131632006544e+02,1.776009562040364021e-05
2.047381660290326977e+02,1.768455653393856484e-05
2.049346188948647409e+02,1.760941072398837263e-05
2.051310717606967842e+02,1.753465576899086557e-05
2.053275246265288274e+02,1.746028926459323091e-05
2.055239774923608707e+02,1.738630882351340553e-05
2.057204303581928571e+02,1.731271207540276515e-05
2.059168832240249003e+02,1.723949666670990111e-05
2.061133360898569435e+02,1.716666026054584386e-05
2.063097889556889868e+02,1.709420053655027918e-05
2.065062418215210300e+02,1.702211519075910276e-05
