Rvals*1e9, Energy (GHz)
1.058354421340000018e+00,-7.568280017344372027e+03
1.375119158057377167e+00,-3.450401066328292018e+03
1.691883894774754538e+00,-1.852588263270698008e+03
2.008648631492131909e+00,-1.107079114600732964e+03
2.325413368209509279e+00,-7.134936018785581382e+02
2.642178104926886650e+00,-4.864120321276673167e+02
2.958942841644264021e+00,-3.463226130639616258e+02
3.275707578361641392e+00,-2.552555543014036914e+02
3.592472315079018763e+00,-1.935130631080729131e+02
3.909237051796395690e+00,-1.501808500805374820e+02
4.226001788513773505e+00,-1.188780158481181957e+02
4.542766525231150432e+00,-9.570383185300588025e+01
4.859531261948528247e+00,-7.818211886418299628e+01
5.176295998665905174e+00,-6.468942171678216368e+01
5.493060735383282989e+00,-5.413116507259731236e+01
5.809825472100659915e+00,-4.575107662007680176e+01
6.126590208818037731e+00,-3.901522176685111276e+01
6.443354945535414657e+00,-3.353933205968214537e+01
6.760119682252791584e+00,-2.904206030452528253e+01
7.076884418970169399e+00,-2.531420363190551015e+01
7.393649155687546326e+00,-2.219801097445626681e+01
7.710413892404924141e+00,-1.957300481757817323e+01
8.027178629122301956e+00,-1.734609797246483254e+01
8.343943365839677995e+00,-1.544459535437773035e+01
8.660708102557057586e+00,-1.381116687626051132e+01
8.977472839274433625e+00,-1.240018823342921372e+01
9.294237575991811440e+00,-1.117504469210779838e+01
9.611002312709187478e+00,-1.010612189322566756e+01
9.927767049426565293e+00,-9.169292841734801414e+00
1.024453178614394311e+01,-8.344767375641865215e+00
1.056129652286131915e+01,-7.616209272378682726e+00
1.087806125957869696e+01,-6.970052940313575363e+00
1.119482599629607478e+01,-6.394970338886391659e+00
1.151159073301345259e+01,-5.881451968442966027e+00
1.182835546973083041e+01,-5.421475188115847388e+00
1.214512020644820645e+01,-5.008239908220808445e+00
1.246188494316558426e+01,-4.635956643458040816e+00
1.277864967988296208e+01,-4.299675540426371789e+00
1.309541441660033989e+01,-3.995147679058588697e+00
1.341217915331771771e+01,-3.718711952786859953e+00
1.372894389003509197e+01,-3.467202340584095488e+00
1.404570862675246978e+01,-3.237871526839892322e+00
1.436247336346984760e+01,-3.028327696860505291e+00
1.467923810018722541e+01,-2.836482005242903615e+00
1.499600283690460145e+01,-2.660504731645842114e+00
1.531276757362198282e+01,-2.498788540540922032e+00
1.562953231033935708e+01,-2.349917575810921644e+00
1.594629704705673490e+01,-2.212641368067896686e+00
1.626306178377411271e+01,-2.085852727700764131e+00
1.657982652049148697e+01,-1.968568951589583893e+00
1.689659125720886834e+01,-1.859915795013886708e+00
1.721335599392624260e+01,-1.759113759324670845e+00
1.753012073064362397e+01,-1.665466325668487402e+00
1.784688546736099823e+01,-1.578349829488502776e+00
1.816365020407837960e+01,-1.497204722822312206e+00
1.848041494079575386e+01,-1.421528014023644815e+00
1.879717967751313523e+01,-1.350866709379738406e+00
1.911394441423050949e+01,-1.284812109696169546e+00
1.943070915094788731e+01,-1.222994838477129198e+00
1.974747388766526157e+01,-1.165080497796969095e+00
2.006423862438263939e+01,-1.110765864099918732e+00
2.038100336110001720e+01,-1.059775549590237453e+00
2.069776809781739146e+01,-1.011859066075327718e+00
2.101453283453477283e+01,-9.667882374960219405e-01
2.133129757125214709e+01,-9.243549152422063653e-01
2.164806230796952846e+01,-8.843689569688906182e-01
2.196482704468690272e+01,-8.466564352105643287e-01
2.228159178140428409e+01,-8.110580468138830490e-01
2.259835651812165835e+01,-7.774276982132788394e-01
2.291512125483903972e+01,-7.456312449781772322e-01
2.323188599155641398e+01,-7.155453669611722134e-01
2.354865072827378825e+01,-6.870565628537659286e-01
2.386541546499116961e+01,-6.600602500767891456e-01
2.418218020170854388e+01,-6.344599577515737110e-01
2.449894493842592524e+01,-6.101666020616542951e-01
2.481570967514329951e+01,-5.870978346617086174e-01
2.513247441186068087e+01,-5.651774559530573505e-01
2.544923914857805514e+01,-5.443348860504748643e-01
2.576600388529543650e+01,-5.245046871362029073e-01
2.608276862201281077e+01,-5.056261316532864036e-01
2.639953335873018503e+01,-4.876428114479423037e-01
2.671629809544756640e+01,-4.705022835435634931e-01
2.703306283216494066e+01,-4.541557487288621076e-01
2.734982756888232203e+01,-4.385577595796150696e-01
2.766659230559969629e+01,-4.236659549160726179e-01
2.798335704231707410e+01,-4.094408180335329384e-01
2.830012177903444837e+01,-3.958454563382742819e-01
2.861688651575182973e+01,-3.828454002801624512e-01
2.893365125246920400e+01,-3.704084197015888869e-01
2.925041598918658536e+01,-3.585043559237748312e-01
2.956718072590395963e+01,-3.471049680694311412e-01
2.988394546262133389e+01,-3.361837922781294452e-01
3.020071019933871526e+01,-3.257160126102229825e-01
3.051747493605608952e+01,-3.156783425587956771e-01
3.083423967277347089e+01,-3.060489161989905504e-01
3.115100440949084515e+01,-2.968071881017677605e-01
3.146776914620822652e+01,-2.879338412260921132e-01
3.178453388292560078e+01,-2.794107020811278375e-01
3.210129861964297504e+01,-2.712206625192137288e-01
3.241806335636035641e+01,-2.633476075822271945e-01
3.273482809307773067e+01,-2.557763488792952344e-01
3.305159282979511204e+01,-2.484925630233356664e-01
3.336835756651248630e+01,-2.414827346983559053e-01
3.368512230322986767e+01,-2.347341039692998343e-01
3.400188703994724193e+01,-2.282346174820646389e-01
3.431865177666462330e+01,-2.219728832335232660e-01
3.463541651338199756e+01,-2.159381286204204997e-01
3.495218125009937182e+01,-2.101201615021168756e-01
3.526894598681675319e+01,-2.045093340357890810e-01
3.558571072353412745e+01,-1.990965090639504886e-01
3.590247546025150882e+01,-1.938730288534236124e-01
3.621924019696888308e+01,-1.888306860023103440e-01
3.653600493368626445e+01,-1.839616963472634481e-01
3.685276967040363871e+01,-1.792586737176615763e-01
3.716953440712102008e+01,-1.747146063962321527e-01
3.748629914383839434e+01,-1.703228351574770372e-01
3.780306388055577571e+01,-1.660770327658767087e-01
3.811982861727314997e+01,-1.619711848256404352e-01
3.843659335399052424e+01,-1.579995718825837336e-01
3.875335809070790560e+01,-1.541567526867648752e-01
3.907012282742527987e+01,-1.504375485318831807e-01
3.938688756414266123e+01,-1.468370285941342779e-01
3.970365230086003550e+01,-1.433504961993223858e-01
4.002041703757740976e+01,-1.399734759526372052e-01
4.033718177429479113e+01,-1.367017016706113530e-01
4.065394651101216539e+01,-1.335311050594323312e-01
4.097071124772953965e+01,-1.304578050880942364e-01
4.128747598444692102e+01,-1.274780980087717452e-01
4.160424072116429528e+01,-1.245884479804031386e-01
4.192100545788166954e+01,-1.217854782547824755e-01
4.223777019459905091e+01,-1.190659628874710663e-01
4.255453493131642517e+01,-1.164268189386366004e-01
4.287129966803380654e+01,-1.138650991314751337e-01
4.318806440475118080e+01,-1.113779849382474652e-01
4.350482914146856217e+01,-1.089627800660952772e-01
4.382159387818593643e+01,-1.066169043168341268e-01
4.413835861490331780e+01,-1.043378877967300333e-01
4.445512335162069206e+01,-1.021233654539810409e-01
4.477188808833807343e+01,-9.997107192319099056e-02
4.508865282505544769e+01,-9.787883665755137130e-02
4.540541756177282195e+01,-9.584457933079715275e-02
4.572218229849020332e+01,-9.386630549223973219e-02
4.603894703520757758e+01,-9.194210245930101166e-02
4.635571177192495895e+01,-9.007013543305664172e-02
4.667247650864233321e+01,-8.824864382324904000e-02
4.698924124535971458e+01,-8.647593777014650485e-02
4.730600598207708885e+01,-8.475039485147872753e-02
4.762277071879447021e+01,-8.307045696342818530e-02
4.793953545551184448e+01,-8.143462736540252322e-02
4.825630019222922584e+01,-7.984146787897472564e-02
4.857306492894660011e+01,-7.828959623200182349e-02
4.888982966566397437e+01,-7.677768353951419655e-02
4.920659440238135574e+01,-7.530445191349466327e-02
4.952335913909873000e+01,-7.386867219418657982e-02
4.984012387581611137e+01,-7.246916179601337049e-02
5.015688861253348563e+01,-7.110478266164399486e-02
5.047365334925086700e+01,-6.977443931812787881e-02
5.079041808596824126e+01,-6.847707702941585595e-02
5.110718282268562263e+01,-6.721168003990607431e-02
5.142394755940299689e+01,-6.597726990402730252e-02
5.174071229612037115e+01,-6.477290389711676255e-02
5.205747703283775252e+01,-6.359767350319245338e-02
5.237424176955512678e+01,-6.245070297544774718e-02
5.269100650627250815e+01,-6.133114796555938497e-02
5.300777124298988241e+01,-6.023819421813181307e-02
5.332453597970726378e+01,-5.917105632681352034e-02
5.364130071642463804e+01,-5.812897654882931420e-02
5.395806545314201941e+01,-5.711122367486387574e-02
5.427483018985939367e+01,-5.611709195139358286e-02
5.459159492657677504e+01,-5.514590005276165385e-02
5.490835966329414930e+01,-5.419699010041023612e-02
5.522512440001152356e+01,-5.326972672686691723e-02
5.554188913672890493e+01,-5.236349618218438806e-02
5.585865387344627919e+01,-5.147770548069585672e-02
5.617541861016366056e+01,-5.061178158603496513e-02
5.649218334688103482e+01,-4.976517063251595374e-02
5.680894808359840908e+01,-4.893733718104487096e-02
5.712571282031578335e+01,-4.812776350786229784e-02
5.744247755703316471e+01,-4.733594892448600433e-02
5.775924229375053898e+01,-4.656140912732498194e-02
5.807600703046792034e+01,-4.580367557552333935e-02
5.839277176718529461e+01,-4.506229489565072299e-02
5.870953650390266887e+01,-4.433682831195184804e-02
5.902630124062005024e+01,-4.362685110093078578e-02
5.934306597733742450e+01,-4.293195206908961836e-02
5.965983071405480587e+01,-4.225173305274498858e-02
5.997659545077218723e+01,-4.158580843885539835e-02
6.029336018748956860e+01,-4.093380470589202957e-02
6.061012492420693576e+01,-4.029535998379607520e-02
6.092688966092431713e+01,-3.967012363215127735e-02
6.124365439764169849e+01,-3.905775583571324816e-02
6.156041913435907986e+01,-3.845792721650864721e-02
6.187718387107646123e+01,-3.787031846173416483e-02
6.219394860779382839e+01,-3.729461996674254820e-02
6.251071334451120975e+01,-3.673053149242822002e-02
6.282747808122859112e+01,-3.617776183635745824e-02
6.314424281794595828e+01,-3.563602851703873142e-02
6.346100755466333965e+01,-3.510505747073100480e-02
6.377777229138072101e+01,-3.458458276023756994e-02
6.409453702809810238e+01,-3.407434629516892244e-02
6.441130176481546243e+01,-3.357409756313600724e-02
6.472806650153285091e+01,-3.308359337143595980e-02
6.504483123825022517e+01,-3.260259759874095664e-02
6.536159597496759943e+01,-3.213088095637184338e-02
6.567836071168497369e+01,-3.166822075873332309e-02
6.599512544840236217e+01,-3.121440070253145294e-02
6.631189018511973643e+01,-3.076921065437510094e-02
6.662865492183711069e+01,-3.033244644642962839e-02
6.694541965855448495e+01,-2.990390967975908865e-02
6.726218439527187343e+01,-2.948340753504874456e-02
6.757894913198924769e+01,-2.907075259039038073e-02
6.789571386870662195e+01,-2.866576264583464706e-02
6.821247860542399621e+01,-2.826826055443243391e-02
6.852924334214138469e+01,-2.787807405950060158e-02
6.884600807885874474e+01,-2.749503563783584070e-02
6.916277281557613321e+01,-2.711898234866483293e-02
6.947953755229350747e+01,-2.674975568806248205e-02
6.979630228901089595e+01,-2.638720144864326045e-02
7.011306702572825600e+01,-2.603116958429341210e-02
7.042983176244564447e+01,-2.568151407975438616e-02
7.074659649916301873e+01,-2.533809282485055547e-02
7.106336123588040721e+01,-2.500076749318314029e-02
7.138012597259776726e+01,-2.466940342512113915e-02
7.169689070931515573e+01,-2.434386951489297957e-02
7.201365544603252999e+01,-2.402403810164832620e-02
7.233042018274990426e+01,-2.370978486431063459e-02
7.264718491946727852e+01,-2.340098872008855579e-02
7.296394965618466699e+01,-2.309753172648942865e-02
7.328071439290204125e+01,-2.279929898671317900e-02
7.359747912961941552e+01,-2.250617855828673797e-02
7.391424386633678978e+01,-2.221806136481463412e-02
7.423100860305417825e+01,-2.193484111073562559e-02
7.454777333977155251e+01,-2.165641419896102704e-02
7.486453807648892678e+01,-2.138267965128770598e-02
7.518130281320630104e+01,-2.111353903148449618e-02
7.549806754992368951e+01,-2.084889637095121984e-02
7.581483228664104956e+01,-2.058865809684595760e-02
7.613159702335843804e+01,-2.033273296260285079e-02
7.644836176007581230e+01,-2.008103198073740714e-02
7.676512649679320077e+01,-1.983346835786292672e-02
7.708189123351056082e+01,-1.958995743183233884e-02
7.739865597022794930e+01,-1.935041661093661602e-02
7.771542070694532356e+01,-1.911476531506961507e-02
7.803218544366271203e+01,-1.888292491879584034e-02
7.834895018038007208e+01,-1.865481869626295364e-02
7.866571491709746056e+01,-1.843037176786710418e-02
7.898247965381483482e+01,-1.820951104863421932e-02
7.929924439053220908e+01,-1.799216519823554350e-02
7.961600912724958334e+01,-1.777826457259479298e-02
7.993277386396695761e+01,-1.756774117701942473e-02
8.024953860068434608e+01,-1.736052862080850190e-02
8.056630333740170613e+01,-1.715656207327631577e-02
8.088306807411909460e+01,-1.695577822116112188e-02
8.119983281083646887e+01,-1.675811522734393932e-02
8.151659754755385734e+01,-1.656351269085343247e-02
8.183336228427121739e+01,-1.637191160810491652e-02
8.215012702098860586e+01,-1.618325433532730173e-02
8.246689175770598013e+01,-1.599748455213845233e-02
8.278365649442335439e+01,-1.581454722623965026e-02
8.310042123114072865e+01,-1.563438857917232028e-02
8.341718596785811712e+01,-1.545695605311880882e-02
8.373395070457549139e+01,-1.528219827869881087e-02
8.405071544129286565e+01,-1.511006504373746395e-02
8.436748017801023991e+01,-1.494050726296425324e-02
8.468424491472762838e+01,-1.477347694861830263e-02
8.500100965144500265e+01,-1.460892718192363660e-02
8.531777438816237691e+01,-1.444681208541265249e-02
8.563453912487975117e+01,-1.428708679606005560e-02
8.595130386159713964e+01,-1.412970743921349026e-02
8.626806859831449970e+01,-1.397463110327601399e-02
8.658483333503188817e+01,-1.382181581514130286e-02
8.690159807174926243e+01,-1.367122051632874147e-02
8.721836280846665090e+01,-1.352280503981884152e-02
8.753512754518401096e+01,-1.337653008755212980e-02
8.785189228190139943e+01,-1.323235720857640629e-02
8.816865701861877369e+01,-1.309024877781839180e-02
8.848542175533616216e+01,-1.295016797546422183e-02
8.880218649205352222e+01,-1.281207876692347369e-02
8.911895122877091069e+01,-1.267594588336073969e-02
8.943571596548828495e+01,-1.254173480277787078e-02
8.975248070220565921e+01,-1.240941173163090383e-02
9.006924543892303348e+01,-1.227894358695724719e-02
9.038601017564042195e+01,-1.215029797900468722e-02
9.070277491235779621e+01,-1.202344319434622832e-02
9.101953964907517047e+01,-1.189834817946033851e-02
9.133630438579254474e+01,-1.177498252476461005e-02
9.165306912250993321e+01,-1.165331644909484154e-02
9.196983385922730747e+01,-1.153332078460156396e-02
9.228659859594468173e+01,-1.141496696206800721e-02
9.260336333266205600e+01,-1.129822699662463847e-02
9.292012806937944447e+01,-1.118307347385183448e-02
9.323689280609680452e+01,-1.106947953625869729e-02
9.355365754281419299e+01,-1.095741887013046423e-02
9.387042227953156726e+01,-1.084686569272497181e-02
9.418718701624895573e+01,-1.073779473981506527e-02
9.450395175296631578e+01,-1.063018125356363086e-02
9.482071648968370425e+01,-1.052400097072148100e-02
9.513748122640107852e+01,-1.041923011113921049e-02
9.545424596311845278e+01,-1.031584536658014528e-02
9.577101069983582704e+01,-1.021382388983216316e-02
9.608777543655320130e+01,-1.011314328410595209e-02
9.640454017327058978e+01,-1.001378159270371881e-02
9.672130490998796404e+01,-9.915717288968561860e-03
9.703806964670533830e+01,-9.818929266486087215e-03
9.735483438342271256e+01,-9.723396829548480724e-03
9.767159912014010104e+01,-9.629099683854835945e-03
9.798836385685746109e+01,-9.536017927463724675e-03
9.830512859357484956e+01,-9.444132041966479818e-03
9.862189333029222382e+01,-9.353422883894957351e-03
9.893865806700961230e+01,-9.263871676343793382e-03
9.925542280372697235e+01,-9.175460000809820826e-03
9.957218754044436082e+01,-9.088169789232658502e-03
9.988895227716173508e+01,-9.001983316244910327e-03
1.002057170138791093e+02,-8.916883191607993808e-03
1.005224817505964836e+02,-8.832852352847364585e-03
1.008392464873138721e+02,-8.749874058065820748e-03
1.011560112240312463e+02,-8.667931878937995549e-03
1.014727759607486206e+02,-8.587009693882041717e-03
1.017895406974659949e+02,-8.507091681395184679e-03
1.021063054341833833e+02,-8.428162313561138319e-03
1.024230701709007434e+02,-8.350206349710731502e-03
1.027398349076181319e+02,-8.273208830242406719e-03
1.030565996443355061e+02,-8.197155070594153159e-03
1.033733643810528946e+02,-8.122030655363321472e-03
1.036901291177702547e+02,-8.047821432564550292e-03
1.040068938544876431e+02,-7.974513508034242193e-03
1.043236585912050174e+02,-7.902093239966934135e-03
1.046404233279224059e+02,-7.830547233582230149e-03
1.049571880646397659e+02,-7.759862335923628507e-03
1.052739528013571544e+02,-7.690025630780361610e-03
1.055907175380745286e+02,-7.621024433728251779e-03
1.059074822747919029e+02,-7.552846287296244299e-03
1.062242470115092772e+02,-7.485478956238189596e-03
1.065410117482266656e+02,-7.418910422923197245e-03
1.068577764849440399e+02,-7.353128882835680002e-03
1.071745412216614142e+02,-7.288122740175762004e-03
1.074913059583787884e+02,-7.223880603569377001e-03
1.078080706950961769e+02,-7.160391281872957592e-03
1.081248354318135512e+02,-7.097643780084261778e-03
1.084416001685309254e+02,-7.035627295337576470e-03
1.087583649052482997e+02,-6.974331213001505603e-03
1.090751296419656882e+02,-6.913745102862911551e-03
1.093918943786830482e+02,-6.853858715400118484e-03
1.097086591154004367e+02,-6.794661978140492664e-03
1.100254238521178110e+02,-6.736144992101955609e-03
1.103421885888351994e+02,-6.678298028319762381e-03
1.106589533255525595e+02,-6.621111524445222329e-03
1.109757180622699479e+02,-6.564576081428796783e-03
1.112924827989873222e+02,-6.508682460276471460e-03
1.116092475357046965e+02,-6.453421578877627240e-03
1.119260122724220707e+02,-6.398784508904409307e-03
1.122427770091394450e+02,-6.344762472786591445e-03
1.125595417458568335e+02,-6.291346840745948299e-03
1.128763064825742077e+02,-6.238529127902570082e-03
1.131930712192915820e+02,-6.186300991445126130e-03
1.135098359560089563e+02,-6.134654227862856857e-03
1.138266006927263447e+02,-6.083580770239738200e-03
1.141433654294437048e+02,-6.033072685606821750e-03
1.144601301661610933e+02,-5.983122172357191459e-03
1.147768949028784675e+02,-5.933721557713766970e-03
1.150936596395958560e+02,-5.884863295254394444e-03
1.154104243763132160e+02,-5.836539962488895839e-03
1.157271891130306045e+02,-5.788744258495626127e-03
1.160439538497479788e+02,-5.741469001600219002e-03
1.163607185864653530e+02,-5.694707127112064171e-03
1.166774833231827273e+02,-5.648451685107858111e-03
1.169942480599001158e+02,-5.602695838256899208e-03
1.173110127966174900e+02,-5.557432859708999473e-03
1.176277775333348643e+02,-5.512656131003712545e-03
1.179445422700522386e+02,-5.468359140052392320e-03
1.182613070067696270e+02,-5.424535479138015148e-03
1.185780717434870013e+02,-5.381178842975398169e-03
1.188948364802043756e+02,-5.338283026801615705e-03
1.192116012169217498e+02,-5.295841924515265475e-03
1.195283659536391241e+02,-5.253849526847709228e-03
1.198451306903564841e+02,-5.212299919576057761e-03
1.201618954270738868e+02,-5.171187281779232592e-03
1.204786601637912469e+02,-5.130505884118008453e-03
1.207954249005086211e+02,-5.090250087164793769e-03
1.211121896372260096e+02,-5.050414339754283333e-03
1.214289543739433839e+02,-5.010993177384293062e-03
1.217457191106607439e+02,-4.971981220638355126e-03
1.220624838473781466e+02,-4.933373173638511133e-03
1.223792485840955067e+02,-4.895163822546066967e-03
1.226960133208129093e+02,-4.857348034074338017e-03
1.230127780575302694e+02,-4.819920754042250621e-03
1.233295427942476437e+02,-4.782877005959473848e-03
1.236463075309650321e+02,-4.746211889632423464e-03
1.239630722676824064e+02,-4.709920579806237129e-03
1.242798370043997664e+02,-4.673998324826289519e-03
1.245966017411171691e+02,-4.638440445339675477e-03
1.249133664778345292e+02,-4.603242333006907216e-03
1.252301312145519034e+02,-4.568399449252691369e-03
1.255468959512692919e+02,-4.533907324033581432e-03
1.258636606879866662e+02,-4.499761554639380989e-03
1.261804254247040262e+02,-4.465957804504760986e-03
1.264971901614214289e+02,-4.432491802059068675e-03
1.268139548981387890e+02,-4.399359339591235596e-03
1.271307196348561916e+02,-4.366556272136890016e-03
1.274474843715735517e+02,-4.334078516389894276e-03
1.277642491082909260e+02,-4.301922049638751133e-03
1.280810138450083286e+02,-4.270082908713224157e-03
1.283977785817256745e+02,-4.238557188966041167e-03
1.287145433184430487e+02,-4.207341043260814928e-03
1.290313080551604514e+02,-4.176430680991938260e-03
1.293480727918778257e+02,-4.145822367112028672e-03
1.296648375285951715e+02,-4.115512421188682879e-03
1.299816022653125742e+02,-4.085497216473221727e-03
1.302983670020299485e+02,-4.055773178989863226e-03
1.306151317387473227e+02,-4.026336786641770971e-03
1.309318964754646970e+02,-3.997184568333977950e-03
1.312486612121820713e+02,-3.968313103114962104e-03
1.315654259488994740e+02,-3.939719019332876826e-03
1.318821906856168198e+02,-3.911398993810433211e-03
1.321989554223341941e+02,-3.883349751028664087e-03
1.325157201590515967e+02,-3.855568062339109758e-03
1.328324848957689710e+02,-3.828050745175559655e-03
1.331492496324863168e+02,-3.800794662294659787e-03
1.334660143692037195e+02,-3.773796721020072908e-03
1.337827791059210938e+02,-3.747053872508843142e-03
1.340995438426384965e+02,-3.720563111027086478e-03
1.344163085793558423e+02,-3.694321473240336218e-03
1.347330733160732166e+02,-3.668326037516767002e-03
1.350498380527906193e+02,-3.642573923245517875e-03
1.353666027895079935e+02,-3.617062290165229399e-03
1.356833675262253394e+02,-3.591788337708567980e-03
1.360001322629427420e+02,-3.566749304351635175e-03
1.363168969996601163e+02,-3.541942466986469640e-03
1.366336617363774906e+02,-3.517365140292660897e-03
1.369504264730948648e+02,-3.493014676132943919e-03
1.372671912098122391e+02,-3.468888462950570073e-03
1.375839559465296418e+02,-3.444983925181777096e-03
1.379007206832470160e+02,-3.421298522677140852e-03
1.382174854199643619e+02,-3.397829750138026128e-03
1.385342501566817646e+02,-3.374575136557034227e-03
1.388510148933991388e+02,-3.351532244672661420e-03
1.391677796301165131e+02,-3.328698670432839180e-03
1.394845443668338874e+02,-3.306072042466912109e-03
1.398013091035512616e+02,-3.283650021574047173e-03
1.401180738402686359e+02,-3.261430300205425681e-03
1.404348385769860386e+02,-3.239410601975745152e-03
1.407516033137033844e+02,-3.217588681165839404e-03
1.410683680504207871e+02,-3.195962322246170828e-03
1.413851327871381613e+02,-3.174529339402543116e-03
1.417018975238555356e+02,-3.153287576073360299e-03
1.420186622605729099e+02,-3.132234904491770777e-03
1.423354269972902841e+02,-3.111369225240689929e-03
1.426521917340076584e+02,-3.090688466811819524e-03
1.429689564707250611e+02,-3.070190585173548925e-03
1.432857212074424069e+02,-3.049873563346405803e-03
1.436024859441597812e+02,-3.029735410987832722e-03
1.439192506808771839e+02,-3.009774163981848716e-03
1.442360154175945581e+02,-2.989987884035372190e-03
1.445527801543119324e+02,-2.970374658285646063e-03
1.448695448910293067e+02,-2.950932598909883353e-03
1.451863096277466809e+02,-2.931659842745126809e-03
1.455030743644640552e+02,-2.912554550908996731e-03
1.458198391011814294e+02,-2.893614908439978706e-03
1.461366038378988037e+02,-2.874839123925276851e-03
1.464533685746162064e+02,-2.856225429152647877e-03
1.467701333113335807e+02,-2.837772078755573801e-03
1.470868980480509265e+02,-2.819477349874865979e-03
1.474036627847683292e+02,-2.801339541814051870e-03
1.477204275214857034e+02,-2.783356975713413561e-03
1.480371922582030777e+02,-2.765527994221805841e-03
1.483539569949204520e+02,-2.747850961172471074e-03
1.486707217316378262e+02,-2.730324261273064934e-03
1.489874864683552289e+02,-2.712946299792573512e-03
1.493042512050725747e+02,-2.695715502257556295e-03
1.496210159417899490e+02,-2.678630314151941860e-03
1.499377806785073517e+02,-2.661689200621264462e-03
1.502545454152247260e+02,-2.644890646187558758e-03
1.505713101519420718e+02,-2.628233154460701826e-03
1.508880748886594745e+02,-2.611715247857748778e-03
1.512048396253768487e+02,-2.595335467332482438e-03
1.515216043620942514e+02,-2.579092372099633934e-03
1.518383690988115973e+02,-2.562984539371981896e-03
1.521551338355289715e+02,-2.547010564095231189e-03
1.524718985722463742e+02,-2.531169058696214336e-03
1.527886633089637485e+02,-2.515458652824875685e-03
1.531054280456810943e+02,-2.499877993106025542e-03
1.534221927823984970e+02,-2.484425742897755640e-03
1.537389575191158713e+02,-2.469100582045413717e-03
1.540557222558332455e+02,-2.453901206650233036e-03
1.543724869925506198e+02,-2.438826328830856482e-03
1.546892517292679941e+02,-2.423874676500847869e-03
1.550060164659853967e+02,-2.409044993135545099e-03
1.553227812027027710e+02,-2.394336037557565078e-03
1.556395459394201168e+02,-2.379746583712094576e-03
1.559563106761375195e+02,-2.365275420457724209e-03
1.562730754128548938e+02,-2.350921351352397437e-03
1.565898401495722680e+02,-2.336683194446909084e-03
1.569066048862896423e+02,-2.322559782078847945e-03
1.572233696230070166e+02,-2.308549960672756640e-03
1.575401343597243908e+02,-2.294652590542956005e-03
1.578568990964417935e+02,-2.280866545696813574e-03
1.581736638331591394e+02,-2.267190713646449751e-03
1.584904285698765420e+02,-2.253623995214670828e-03
1.588071933065939163e+02,-2.240165304356445120e-03
1.591239580433112906e+02,-2.226813567970165053e-03
1.594407227800286648e+02,-2.213567725721787838e-03
1.597574875167460391e+02,-2.200426729866311604e-03
1.600742522534634134e+02,-2.187389545073692432e-03
1.603910169901808160e+02,-2.174455148260090454e-03
1.607077817268981619e+02,-2.161622528414230970e-03
1.610245464636155361e+02,-2.148890686436200070e-03
1.613413112003329388e+02,-2.136258634971799353e-03
1.616580759370503131e+02,-2.123725398253561991e-03
1.619748406737676873e+02,-2.111290011938216082e-03
1.622916054104850616e+02,-2.098951522956582494e-03
1.626083701472024359e+02,-2.086708989355923194e-03
1.629251348839198101e+02,-2.074561480150727277e-03
1.632418996206371844e+02,-2.062508075175273348e-03
1.635586643573545587e+02,-2.050547864931751008e-03
1.638754290940719613e+02,-2.038679950453925471e-03
1.641921938307893072e+02,-2.026903443159699947e-03
1.645089585675066814e+02,-2.015217464713447981e-03
1.648257233042240841e+02,-2.003621146887901716e-03
1.651424880409414584e+02,-1.992113631428704679e-03
1.654592527776588327e+02,-1.980694069921629108e-03
1.657760175143762069e+02,-1.969361623660237370e-03
1.660927822510935812e+02,-1.958115463517540178e-03
1.664095469878109839e+02,-1.946954769817210718e-03
1.667263117245283297e+02,-1.935878732211016029e-03
1.670430764612457040e+02,-1.924886549550031134e-03
1.673598411979631067e+02,-1.913977429770064020e-03
1.676766059346804809e+02,-1.903150589764646128e-03
1.679933706713978268e+02,-1.892405255271345510e-03
1.683101354081152294e+02,-1.881740660755859551e-03
1.686269001448326037e+02,-1.871156049292999057e-03
1.689436648815500064e+02,-1.860650672459218669e-03
1.692604296182673522e+02,-1.850223790218930020e-03
1.695771943549847265e+02,-1.839874670813479440e-03
1.698939590917021292e+02,-1.829602590658119254e-03
1.702107238284195034e+02,-1.819406834228765035e-03
1.705274885651368493e+02,-1.809286693965628245e-03
1.708442533018542520e+02,-1.799241470161305756e-03
1.711610180385716262e+02,-1.789270470867521112e-03
1.714777827752890005e+02,-1.779373011788099035e-03
1.717945475120063747e+02,-1.769548416185262596e-03
1.721113122487237490e+02,-1.759796014780157236e-03
1.724280769854411517e+02,-1.750115145656483406e-03
1.727448417221585260e+02,-1.740505154168570101e-03
1.730616064588758718e+02,-1.730965392845451589e-03
1.733783711955932745e+02,-1.721495221302937750e-03
1.736951359323106487e+02,-1.712094006149911252e-03
1.740119006690280230e+02,-1.702761120899509706e-03
1.743286654057453973e+02,-1.693495945885192810e-03
1.746454301424627715e+02,-1.684297868170148149e-03
1.749621948791801458e+02,-1.675166281463358331e-03
1.752789596158975485e+02,-1.666100586037444486e-03
1.755957243526148943e+02,-1.657100188643401140e-03
1.759124890893322970e+02,-1.648164502430660150e-03
1.762292538260496713e+02,-1.639292946866710565e-03
1.765460185627670455e+02,-1.630484947657162564e-03
1.768627832994844198e+02,-1.621739936667587756e-03
1.771795480362017940e+02,-1.613057351847135834e-03
1.774963127729191683e+02,-1.604436637153483503e-03
1.778130775096365710e+02,-1.595877242476007041e-03
1.781298422463539168e+02,-1.587378623562951674e-03
1.784466069830712911e+02,-1.578940241950821388e-03
1.787633717197886938e+02,-1.570561564887551498e-03
1.790801364565060680e+02,-1.562242065268559799e-03
1.793969011932234423e+02,-1.553981221561695492e-03
1.797136659299408166e+02,-1.545778517741513980e-03
1.800304306666581908e+02,-1.537633443220887131e-03
1.803471954033755651e+02,-1.529545492782169447e-03
1.806639601400929394e+02,-1.521514166515913757e-03
1.809807248768103136e+02,-1.513538969751593299e-03
1.812974896135277163e+02,-1.505619412996761497e-03
1.816142543502450621e+02,-1.497755011870882669e-03
1.819310190869624364e+02,-1.489945287045379985e-03
1.822477838236798391e+02,-1.482189764181907066e-03
1.825645485603972134e+02,-1.474487973872840030e-03
1.828813132971145876e+02,-1.466839451577772735e-03
1.831980780338319619e+02,-1.459243737570226074e-03
1.835148427705493361e+02,-1.451700376874143217e-03
1.838316075072667388e+02,-1.444208919211487085e-03
1.841483722439840847e+02,-1.436768918941400131e-03
1.844651369807014589e+02,-1.429379935008245894e-03
1.847819017174188616e+02,-1.422041530884321503e-03
1.850986664541362359e+02,-1.414753274516566961e-03
1.854154311908535817e+02,-1.407514738275050803e-03
1.857321959275709844e+02,-1.400325498894350318e-03
1.860489606642883587e+02,-1.393185137428254450e-03
1.863657254010057613e+02,-1.386093239196029003e-03
1.866824901377231072e+02,-1.379049393730458206e-03
1.869992548744404814e+02,-1.372053194729438985e-03
1.873160196111578841e+02,-1.365104240006242975e-03
1.876327843478752584e+02,-1.358202131441110794e-03
1.879495490845926042e+02,-1.351346474934622677e-03
1.882663138213100069e+02,-1.344536880356628217e-03
1.885830785580273812e+02,-1.337772961504946068e-03
1.888998432947447554e+02,-1.331054336053849596e-03
1.892166080314621297e+02,-1.324380625515431120e-03
1.895333727681795040e+02,-1.317751455185423026e-03
1.898501375048969066e+02,-1.311166454109891077e-03
1.901669022416142809e+02,-1.304625255031943709e-03
1.904836669783316268e+02,-1.298127494355316713e-03
1.908004317150490294e+02,-1.291672812099076140e-03
1.911171964517664037e+02,-1.285260851856317998e-03
1.914339611884837780e+02,-1.278891260751535697e-03
1.917507259252011522e+02,-1.272563689402428366e-03
1.920674906619185265e+02,-1.266277791877268299e-03
1.923842553986359007e+02,-1.260033225658485634e-03
1.927010201353533034e+02,-1.253829651598259431e-03
1.930177848720706493e+02,-1.247666733883878720e-03
1.933345496087880520e+02,-1.241544139999550822e-03
1.936513143455054262e+02,-1.235461540685101056e-03
1.939680790822228005e+02,-1.229418609903998316e-03
1.942848438189401747e+02,-1.223415024802498863e-03
1.946016085556575490e+02,-1.217450465675451454e-03
1.949183732923749233e+02,-1.211524615929437942e-03
1.952351380290922975e+02,-1.205637162048578404e-03
1.955519027658096718e+02,-1.199787793558559912e-03
1.958686675025270461e+02,-1.193976202994218028e-03
1.961854322392444487e+02,-1.188202085861789215e-03
1.965021969759617946e+02,-1.182465140610045040e-03
1.968189617126791973e+02,-1.176765068593432773e-03
1.971357264493965715e+02,-1.171101574043209581e-03
1.974524911861139458e+02,-1.165474364030583132e-03
1.977692559228313200e+02,-1.159883148438733969e-03
1.980860206595486943e+02,-1.154327639929508820e-03
1.984027853962660686e+02,-1.148807553912334356e-03
1.987195501329834713e+02,-1.143322608515795480e-03
1.990363148697008171e+02,-1.137872524554772724e-03
1.993530796064181914e+02,-1.132457025501576453e-03
1.996698443431355940e+02,-1.127075837455304708e-03
1.999866090798529683e+02,-1.121728689116974209e-03
2.003033738165703426e+02,-1.116415311754881401e-03
2.006201385532877168e+02,-1.111135439181509810e-03
2.009369032900050911e+02,-1.105888807720667444e-03
2.012536680267224938e+02,-1.100675156183950065e-03
2.015704327634398396e+02,-1.095494225841875391e-03
2.018871975001572139e+02,-1.090345760396793651e-03
2.022039622368746166e+02,-1.085229505954021789e-03
2.025207269735919908e+02,-1.080145211002303540e-03
2.028374917103093367e+02,-1.075092626378282290e-03
2.031542564470267394e+02,-1.070071505250513866e-03
2.034710211837441136e+02,-1.065081603087492113e-03
2.037877859204614879e+02,-1.060122677633668076e-03
2.041045506571788621e+02,-1.055194488888133719e-03
2.044213153938962364e+02,-1.050296799076200216e-03
2.047380801306136391e+02,-1.045429372627193487e-03
2.050548448673310133e+02,-1.040591976152693832e-03
2.053716096040483592e+02,-1.035784378417226037e-03
2.056883743407657619e+02,-1.031006350321383991e-03
2.060051390774831361e+02,-1.026257664874741238e-03
2.063219038142005104e+02,-1.021538097176311055e-03
2.066386685509178847e+02,-1.016847424387457011e-03
2.069554332876352589e+02,-1.012185425716349840e-03
2.072721980243526332e+02,-1.007551882391322096e-03
2.075889627610700359e+02,-1.002946577639107772e-03
2.079057274977873817e+02,-9.983692966666346535e-04
2.082224922345047844e+02,-9.938198266388198476e-04
2.085392569712221587e+02,-9.892979566554771509e-04
2.088560217079395329e+02,-9.848034777348857460e-04
2.091727864446569072e+02,-9.803361827898093850e-04
2.094895511813742814e+02,-9.758958666097328205e-04
2.098063159180916557e+02,-9.714823258391014349e-04
2.101230806548090584e+02,-9.670953589613340284e-04
2.104398453915264042e+02,-9.627347662739538237e-04
2.107566101282437785e+02,-9.584003498757098782e-04
2.110733748649611812e+02,-9.540919136425962677e-04
2.113901396016785554e+02,-9.498092632123089629e-04
2.117069043383959297e+02,-9.455522059642618160e-04
2.120236690751133040e+02,-9.413205510027111700e-04
2.123404338118306782e+02,-9.371141091367718445e-04
2.126571985485480525e+02,-9.329326928639858352e-04
2.129739632852654267e+02,-9.287761163547791909e-04
2.132907280219828010e+02,-9.246441954315898215e-04
2.136074927587002037e+02,-9.205367475519921072e-04
2.139242574954175495e+02,-9.164535917940419552e-04
2.142410222321349238e+02,-9.123945488394014092e-04
2.145577869688523265e+02,-9.083594409542428139e-04
2.148745517055697007e+02,-9.043480919750379599e-04
2.151913164422870750e+02,-9.003603272921267830e-04
2.155080811790044493e+02,-8.963959738337301530e-04
2.158248459157218235e+02,-8.924548600486303940e-04
2.161416106524392262e+02,-8.885368158932926974e-04
2.164583753891565721e+02,-8.846416728141015540e-04
2.167751401258739463e+02,-8.807692637344821662e-04
2.170919048625913490e+02,-8.769194230358046127e-04
2.174086695993087233e+02,-8.730919865476138853e-04
2.177254343360260691e+02,-8.692867915307544990e-04
2.180421990727434718e+02,-8.655036766596069242e-04
2.183589638094608461e+02,-8.617424820132058016e-04
2.186757285461782487e+02,-8.580030490583645530e-04
2.189924932828955946e+02,-8.542852206341322585e-04
2.193092580196129688e+02,-8.505888409420236940e-04
2.196260227563303715e+02,-8.469137555273675844e-04
2.199427874930477458e+02,-8.432598112695366410e-04
2.202595522297650916e+02,-8.396268563681807962e-04
2.205763169664824943e+02,-8.360147403272399913e-04
2.208930817031998686e+02,-8.324233139438419471e-04
2.212098464399172428e+02,-8.288524292971999330e-04
2.215266111766346171e+02,-8.253019397312932881e-04
2.218433759133519914e+02,-8.217716998455415478e-04
2.221601406500693940e+02,-8.182615654832581242e-04
2.224769053867867683e+02,-8.147713937143308272e-04
2.227936701235041141e+02,-8.113010428298927934e-04
2.231104348602215168e+02,-8.078503723227825617e-04
2.234271995969388911e+02,-8.044192428817709128e-04
2.237439643336562654e+02,-8.010075163773500151e-04
2.240607290703736396e+02,-7.976150558488548370e-04
2.243774938070910139e+02,-7.942417254942490956e-04
2.246942585438083881e+02,-7.908873906590230263e-04
2.250110232805257908e+02,-7.875519178250911523e-04
2.253277880172431367e+02,-7.842351745979136979e-04
2.256445527539605393e+02,-7.809370296967266256e-04
2.259613174906779136e+02,-7.776573529443275845e-04
2.262780822273952879e+02,-7.743960152537532338e-04
2.265948469641126621e+02,-7.711528886198415478e-04
2.269116117008300364e+02,-7.679278461103500319e-04
2.272283764375474107e+02,-7.647207618490803327e-04
2.275451411742647849e+02,-7.615315110132137022e-04
2.278619059109821592e+02,-7.583599698182119653e-04
2.281786706476995334e+02,-7.552060155093798244e-04
2.284954353844169361e+02,-7.520695263512067186e-04
2.288122001211343104e+02,-7.489503816193732177e-04
2.291289648578516847e+02,-7.458484615878724355e-04
2.294457295945690589e+02,-7.427636475210164235e-04
2.297624943312864332e+02,-7.396958216654425655e-04
2.300792590680038074e+02,-7.366448672394554364e-04
2.303960238047211817e+02,-7.336106684205923045e-04
2.307127885414385560e+02,-7.305931103416263284e-04
2.310295532781559587e+02,-7.275920790790202375e-04
2.313463180148733045e+02,-7.246074616418241021e-04
2.316630827515906788e+02,-7.216391459676785303e-04
2.319798474883080814e+02,-7.186870209086038130e-04
2.322966122250254557e+02,-7.157509762252267649e-04
2.326133769617428300e+02,-7.128309025796752962e-04
2.329301416984602042e+02,-7.099266915231439157e-04
2.332469064351775785e+02,-7.070382354887883025e-04
2.335636711718949812e+02,-7.041654277855080579e-04
2.338804359086123270e+02,-7.013081625872885638e-04
2.341972006453297013e+02,-6.984663349252073772e-04
2.345139653820471040e+02,-6.956398406816610702e-04
2.348307301187644782e+02,-6.928285765774866434e-04
2.351474948554818241e+02,-6.900324401706292576e-04
2.354642595921992267e+02,-6.872513298432636475e-04
2.357810243289166010e+02,-6.844851447951327827e-04
2.360977890656340037e+02,-6.817337850359983520e-04
2.364145538023513495e+02,-6.789971513807557812e-04
2.367313185390687238e+02,-6.762751454361115577e-04
2.370480832757861265e+02,-6.735676696005832298e-04
2.373648480125035007e+02,-6.708746270485121954e-04
2.376816127492208466e+02,-6.681959217318400590e-04
2.379983774859382493e+02,-6.655314583658977767e-04
2.383151422226556235e+02,-6.628811424258529428e-04
2.386319069593730262e+02,-6.602448801373839160e-04
2.389486716960904005e+02,-6.576225784740152847e-04
2.392654364328077463e+02,-6.550141451442392793e-04
2.395822011695251490e+02,-6.524194885884071482e-04
2.398989659062425233e+02,-6.498385179738441764e-04
2.402157306429599259e+02,-6.472711431806388305e-04
2.405324953796772718e+02,-6.447172748043072943e-04
2.408492601163946745e+02,-6.421768241442471492e-04
2.411660248531120487e+02,-6.396497031957437684e-04
2.414827895898293946e+02,-6.371358246490821386e-04
2.417995543265467973e+02,-6.346351018762241836e-04
2.421163190632641999e+02,-6.321474489312528533e-04
2.424330837999815458e+02,-6.296727805401580724e-04
2.427498485366989200e+02,-6.272110120950635803e-04
2.430666132734163227e+02,-6.247620596502301282e-04
2.433833780101336686e+02,-6.223258399131736951e-04
2.437001427468510428e+02,-6.199022702406686847e-04
2.440169074835684455e+02,-6.174912686325306765e-04
2.443336722202858482e+02,-6.150927537258432665e-04
2.446504369570031940e+02,-6.127066447874085497e-04
2.449672016937205683e+02,-6.103328617115266752e-04
2.452839664304379710e+02,-6.079713250133345070e-04
2.456007311671553168e+02,-6.056219558172593054e-04
2.459174959038727195e+02,-6.032846758623477967e-04
2.462342606405900938e+02,-6.009594074871671410e-04
2.465510253773074396e+02,-5.986460736293608420e-04
2.468677901140248423e+02,-5.963445978203196773e-04
2.471845548507422450e+02,-5.940549041762999138e-04
2.475013195874595624e+02,-5.917769173979792185e-04
2.478180843241769651e+02,-5.895105627602426068e-04
2.481348490608943678e+02,-5.872557661117383532e-04
2.484516137976117136e+02,-5.850124538668843854e-04
2.487683785343290879e+02,-5.827805530005392143e-04
2.490851432710464906e+02,-5.805599910462255764e-04
2.494019080077638364e+02,-5.783506960868045610e-04
2.497186727444812391e+02,-5.761525967535874315e-04
2.500354374811986133e+02,-5.739656222183420198e-04
2.503522022179159592e+02,-5.717897021897400123e-04
2.506689669546333619e+02,-5.696247669115805934e-04
2.509857316913507645e+02,-5.674707471503559475e-04
2.513024964280680820e+02,-5.653275742001362403e-04
2.516192611647854847e+02,-5.631951798705792100e-04
2.519360259015028873e+02,-5.610734964851538109e-04
2.522527906382202616e+02,-5.589624568793638559e-04
2.525695553749376074e+02,-5.568619943896457869e-04
2.528863201116550101e+02,-5.547720428560332095e-04
2.532030848483724128e+02,-5.526925366110546634e-04
2.535198495850897586e+02,-5.506234104832863352e-04
2.538366143218071329e+02,-5.485645997849175615e-04
2.541533790585245356e+02,-5.465160403130830957e-04
2.544701437952418814e+02,-5.444776683440899490e-04
2.547869085319592841e+02,-5.424494206285324083e-04
2.551036732686766584e+02,-5.404312343859629664e-04
2.554204380053940042e+02,-5.384230473057805000e-04
2.557372027421114069e+02,-5.364247975370162180e-04
2.560539674788287812e+02,-5.344364236901100185e-04
2.563707322155461270e+02,-5.324578648262523473e-04
2.566874969522635297e+02,-5.304890604604928228e-04
2.570042616889809324e+02,-5.285299505533025410e-04
2.573210264256982782e+02,-5.265804755083536293e-04
2.576377911624156809e+02,-5.246405761676342649e-04
2.579545558991330267e+02,-5.227101938105604972e-04
2.582713206358503726e+02,-5.207892701455385520e-04
2.585880853725677753e+02,-5.188777473108530103e-04
2.589048501092851780e+02,-5.169755678671172916e-04
2.592216148460025806e+02,-5.150826747986059218e-04
2.595383795827199265e+02,-5.131990115021523025e-04
2.598551443194373292e+02,-5.113245217933659603e-04
2.601719090561547318e+02,-5.094591498933098705e-04
2.604886737928720208e+02,-5.076028404316090814e-04
2.608054385295894235e+02,-5.057555384402334653e-04
2.611222032663068262e+02,-5.039171893526095403e-04
2.614389680030241720e+02,-5.020877389951827752e-04
2.617557327397415747e+02,-5.002671335891939464e-04
2.620724974764589774e+02,-4.984553197466823349e-04
2.623892622131763233e+02,-4.966522444624921206e-04
2.627060269498937259e+02,-4.948578551173810069e-04
2.630227916866110718e+02,-4.930720994704707039e-04
2.633395564233284176e+02,-4.912949256588028391e-04
2.636563211600458203e+02,-4.895262821906776196e-04
2.639730858967632230e+02,-4.877661179469860997e-04
2.642898506334805688e+02,-4.860143821745488424e-04
2.646066153701979715e+02,-4.842710244830072952e-04
2.649233801069153742e+02,-4.825359948466001470e-04
2.652401448436327200e+02,-4.808092435952815435e-04
2.655569095803500659e+02,-4.790907214125006419e-04
2.658736743170674686e+02,-4.773803793378661453e-04
2.661904390537848712e+02,-4.756781687569322514e-04
2.665072037905022171e+02,-4.739840414020868309e-04
2.668239685272196198e+02,-4.722979493507750703e-04
2.671407332639370225e+02,-4.706198450188381344e-04
2.674574980006543683e+02,-4.689496811609572546e-04
2.677742627373717710e+02,-4.672874108671010163e-04
2.680910274740891168e+02,-4.656329875576403765e-04
2.684077922108064627e+02,-4.639863649855691108e-04
2.687245569475238653e+02,-4.623474972276220285e-04
2.690413216842412680e+02,-4.607163386842749730e-04
2.693580864209586139e+02,-4.590928440819652678e-04
2.696748511576760166e+02,-4.574769684593249508e-04
2.699916158943934192e+02,-4.558686671760625586e-04
2.703083806311107651e+02,-4.542678959036372532e-04
2.706251453678281109e+02,-4.526746106239265544e-04
2.709419101045455136e+02,-4.510887676283381609e-04
2.712586748412628594e+02,-4.495103235129249697e-04
2.715754395779802621e+02,-4.479392351792732541e-04
2.718922043146976648e+02,-4.463754598265090578e-04
2.722089690514150107e+02,-4.448189549557390876e-04
2.725257337881324133e+02,-4.432696783625011960e-04
2.728424985248497592e+02,-4.417275881349880251e-04
2.731592632615671619e+02,-4.401926426558233629e-04
2.734760279982845077e+02,-4.386648005918480919e-04
2.737927927350019104e+02,-4.371440209003374378e-04
2.741095574717193131e+02,-4.356302628218955419e-04
2.744263222084366589e+02,-4.341234858791231943e-04
2.747430869451540616e+02,-4.326236498726210300e-04
2.750598516818714643e+02,-4.311307148818777080e-04
2.753766164185887533e+02,-4.296446412630494649e-04
2.756933811553061560e+02,-4.281653896422987771e-04
2.760101458920235586e+02,-4.266929209189029848e-04
2.763269106287409045e+02,-4.252271962585929543e-04
2.766436753654583072e+02,-4.237681770962176131e-04
2.769604401021757099e+02,-4.223158251295267007e-04
2.772772048388930557e+02,-4.208701023178385014e-04
2.775939695756104584e+02,-4.194309708815957549e-04
2.779107343123278042e+02,-4.179983932988129425e-04
2.782274990490451501e+02,-4.165723323055203764e-04
2.785442637857625527e+02,-4.151527508877705941e-04
2.788610285224799554e+02,-4.137396122869674286e-04
2.791777932591973013e+02,-4.123328799940928491e-04
2.794945579959147040e+02,-4.109325177461542467e-04
2.798113227326321066e+02,-4.095384895275167025e-04
2.801280874693495093e+02,-4.081507595681266309e-04
2.804448522060667983e+02,-4.067692923359622625e-04
2.807616169427842010e+02,-4.053940525436949827e-04
2.810783816795016037e+02,-4.040250051393634578e-04
2.813951464162189495e+02,-4.026621153099263495e-04
2.817119111529363522e+02,-4.013053484737127974e-04
2.820286758896537549e+02,-3.999546702853074009e-04
2.823454406263711007e+02,-3.986100466275566134e-04
2.826622053630885034e+02,-3.972714436137891880e-04
2.829789700998058493e+02,-3.959388275842634641e-04
2.832957348365231951e+02,-3.946121651057232782e-04
2.836124995732405978e+02,-3.932914229669570716e-04
2.839292643099580005e+02,-3.919765681796860690e-04
2.842460290466753463e+02,-3.906675679767879217e-04
2.845627937833927490e+02,-3.893643898096321720e-04
2.848795585201101517e+02,-3.880670013436393617e-04
2.851963232568274975e+02,-3.867753704636101020e-04
2.855130879935448434e+02,-3.854894652652873788e-04
2.858298527302622460e+02,-3.842092540571329096e-04
2.861466174669795919e+02,-3.829347053576626081e-04
2.864633822036969946e+02,-3.816657878941143167e-04
2.867801469404143972e+02,-3.804024706011155388e-04
2.870969116771317999e+02,-3.791447226180189034e-04
2.874136764138491458e+02,-3.778925132880139870e-04
2.877304411505664916e+02,-3.766458121576832241e-04
2.880472058872838943e+02,-3.754045889730051044e-04
2.883639706240012401e+02,-3.741688136806864406e-04
2.886807353607186428e+02,-3.729384564228332977e-04
2.889975000974360455e+02,-3.717134875391714388e-04
2.893142648341533913e+02,-3.704938775648258797e-04
2.896310295708707940e+02,-3.692795972263240856e-04
2.899477943075881967e+02,-3.680706174420400600e-04
2.902645590443055426e+02,-3.668669093221943456e-04
2.905813237810228884e+02,-3.656684441648572204e-04
2.908980885177402911e+02,-3.644751934550605199e-04
2.912148532544576369e+02,-3.632871288625771911e-04
2.915316179911750396e+02,-3.621042222450299164e-04
2.918483827278924423e+02,-3.609264456394534193e-04
2.921651474646097881e+02,-3.597537712676235344e-04
2.924819122013271908e+02,-3.585861715302840480e-04
2.927986769380445367e+02,-3.574236190058144302e-04
2.931154416747618825e+02,-3.562660864520061921e-04
2.934322064114792852e+02,-3.551135468033983500e-04
2.937489711481966879e+02,-3.539659731677247123e-04
2.940657358849140905e+02,-3.528233388268020576e-04
2.943825006216314364e+02,-3.516856172347537779e-04
2.946992653583488391e+02,-3.505527820188980570e-04
2.950160300950662418e+02,-3.494248069730865325e-04
2.953327948317835308e+02,-3.483016660594806524e-04
2.956495595685009334e+02,-3.471833334116602998e-04
2.959663243052183361e+02,-3.460697833248538302e-04
2.962830890419356820e+02,-3.449609902608230527e-04
2.965998537786530846e+02,-3.438569288447546057e-04
2.969166185153704873e+02,-3.427575738630395108e-04
2.972333832520878332e+02,-3.416629002646054403e-04
2.975501479888052359e+02,-3.405728831582521821e-04
2.978669127255225817e+02,-3.394874978086548367e-04
2.981836774622399275e+02,-3.384067196421369772e-04
2.985004421989573302e+02,-3.373305242377888646e-04
2.988172069356747329e+02,-3.362588873323524297e-04
2.991339716723920787e+02,-3.351917848140040235e-04
2.994507364091094814e+02,-3.341291927272393991e-04
2.997675011458268841e+02,-3.330710872657682842e-04
3.000842658825442300e+02,-3.320174447729584699e-04
3.004010306192615758e+02,-3.309682417453885250e-04
3.007177953559789785e+02,-3.299234548252982790e-04
3.010345600926963812e+02,-3.288830608010329115e-04
3.013513248294137270e+02,-3.278470366119279333e-04
3.016680895661311297e+02,-3.268153593363187781e-04
3.019848543028485324e+02,-3.257880062021989431e-04
3.023016190395658782e+02,-3.247649545774500268e-04
3.026183837762832809e+02,-3.237461819725062639e-04
3.029351485130006267e+02,-3.227316660385781688e-04
3.032519132497179726e+02,-3.217213845676525352e-04
3.035686779864353753e+02,-3.207153154907160797e-04
3.038854427231527779e+02,-3.197134368750909061e-04
3.042022074598701238e+02,-3.187157269266549520e-04
3.045189721965875265e+02,-3.177221639849570067e-04
3.048357369333049292e+02,-3.167327265276576043e-04
3.051525016700222750e+02,-3.157473931638676845e-04
3.054692664067396208e+02,-3.147661426368131288e-04
3.057860311434570235e+02,-3.137889538202820461e-04
3.061027958801743694e+02,-3.128158057212893084e-04
3.064195606168917720e+02,-3.118466774743033909e-04
3.067363253536091747e+02,-3.108815483461313534e-04
3.070530900903265206e+02,-3.099203977292575019e-04
3.073698548270439233e+02,-3.089632051440638350e-04
3.076866195637612691e+02,-3.080099502370536868e-04
3.080033843004786718e+02,-3.070606127812958164e-04
3.083201490371960176e+02,-3.061151726733157830e-04
3.086369137739134203e+02,-3.051736099348723030e-04
3.089536785106308230e+02,-3.042359047071840905e-04
3.092704432473481688e+02,-3.033020372580352841e-04
3.095872079840655715e+02,-3.023719879720054848e-04
3.099039727207829742e+02,-3.014457373557988262e-04
3.102207374575002632e+02,-3.005232660355794394e-04
3.105375021942176659e+02,-2.996045547551950960e-04
3.108542669309350686e+02,-2.986895843779535653e-04
3.111710316676524144e+02,-2.977783358799612756e-04
3.114877964043698171e+02,-2.968707903576728313e-04
3.118045611410872198e+02,-2.959669290207855852e-04
3.121213258778045656e+02,-2.950667331926837278e-04
3.124380906145219683e+02,-2.941701843104382874e-04
3.127548553512393141e+02,-2.932772639256953084e-04
3.130716200879566600e+02,-2.923879536993467809e-04
3.133883848246740627e+02,-2.915022354041951758e-04
3.137051495613914653e+02,-2.906200909249534448e-04
3.140219142981088112e+02,-2.897415022538041285e-04
3.143386790348262139e+02,-2.888664514939520700e-04
3.146554437715436165e+02,-2.879949208525189874e-04
3.149722085082610192e+02,-2.871268926485370798e-04
3.152889732449783082e+02,-2.862623493053995105e-04
3.156057379816957109e+02,-2.854012733521926748e-04
3.159225027184131136e+02,-2.845436474228080215e-04
3.162392674551304594e+02,-2.836894542559420529e-04
3.165560321918478621e+02,-2.828386766933199681e-04
3.168727969285652648e+02,-2.819912976810279304e-04
3.171895616652826106e+02,-2.811473002641839969e-04
3.175063264020000133e+02,-2.803066675927112783e-04
